node_id_org,node_id_dest,distance,signal,highway,max_speed,lanes,width,bridge,tunnel,surface,service,foot,bicycle
4666465632,4666465611,14.879534,0,"footway",,,,,,,,,,
4666465611,4666465632,14.879534,0,"footway",,,,,,,,,,
1097931935,5894306197,426.367523,0,"unclassified",,,,,,,,,,
5894306197,1097931935,426.367523,0,"unclassified",,,,,,,,,,
5894092151,5894092146,240.40435100000002,0,"footway",,,,,,,,,,
5894092146,5894092151,240.40435100000002,0,"footway",,,,,,,,,,
2036411526,2036411528,10.671259,1,"unclassified",,,,,,"paved",,,,
2036411528,2036411526,10.671259,1,"unclassified",,,,,,"paved",,,,
2036411528,2396871157,6.449802,0,"unclassified",,,,,,"paved",,,,
2036411527,720554657,8.294014,1,"unclassified",,,,,,"paved",,,,
720554657,2036411527,8.294014,1,"unclassified",,,,,,"paved",,,,
1942852658,2036411555,6.481051,0,"unclassified",,,,,,,,,,
2036411555,1942852658,6.481051,0,"unclassified",,,,,,,,,,
1135820969,1135821035,132.14887,0,"unclassified",,,,,,,,,,
1135821086,1135821031,134.121206,0,"unclassified",,,,,,,,,,
832285656,1097906857,14.142398,0,"unclassified",,,,,,,,,,
1097906736,832285675,101.90808799999999,0,"unclassified",,,,,,,,,,
1097906736,1160435142,336.66655799999995,0,"unclassified",,,,,,,,,,
1097906537,1097906736,93.30324,0,"unclassified",,,,,,,,,,
5109258934,4666465545,23.227878,0,"footway",,,,,,,,,,
4666465545,5109258934,23.227878,0,"footway",,,,,,,,,,
4666465269,5109258927,14.558679,0,"footway",,,,"yes",,,,,,
5109258927,4666465269,14.558679,0,"footway",,,,"yes",,,,,,
4666465279,4666465277,22.600808,0,"footway",,,,,,,,,,
4666465277,4666465279,22.600808,0,"footway",,,,,,,,,,
4666465277,4666465506,15.585335,0,"footway",,,,,,,,,,
4666465506,4666465277,15.585335,0,"footway",,,,,,,,,,
4666465269,4666465506,35.871223,0,"footway",,,,,,,,,,
4666465496,4666465554,11.448627,0,"footway",,,,,,,,,,
4666465554,4666465496,11.448627,0,"footway",,,,,,,,,,
4666465554,5109258787,27.223606000000004,0,"footway",,,,,,,,,,
5109258787,4666465554,27.223606000000004,0,"footway",,,,,,,,,,
4666465280,5109258787,59.646921999999996,0,"footway",,,,,,,,,,
4666465279,4666465280,15.662388,0,"footway",,,,"yes",,,,,,
5109258927,4666465496,24.305239,0,"footway",,,,,,,,,,
4666465496,5109258927,24.305239,0,"footway",,,,,,,,,,
5109258787,4666465673,104.92435,0,"footway",,,,,,,,,,
4666465673,5109258787,104.92435,0,"footway",,,,,,,,,,
4666465673,4666465514,109.753115,0,"footway",,,,,,,,,,
4666465514,4666465673,109.753115,0,"footway",,,,,,,,,,
4666465514,5109258816,12.606303,0,"footway",,,,,,,,,,
5109258816,4666465514,12.606303,0,"footway",,,,,,,,,,
5109258816,4666465277,114.37566799999999,0,"footway",,,,,,,,,,
4666465674,4666465673,41.193982,0,"footway",,,,,,,,,,
4666465673,5109258816,25.433205,0,"footway",,,,,,,,,,
4666465277,5109258816,114.37566799999999,0,"footway",,,,,,,,,,
4666465673,4666465674,41.193982,0,"footway",,,,,,,,,,
5109258816,4666465673,25.433205,0,"footway",,,,,,,,,,
4666465618,4666465616,17.098066,0,"footway",,,,,,,,,,
4666465616,4666465618,17.098066,0,"footway",,,,,,,,,,
4666465616,4666465611,102.336008,0,"footway",,,,,,,,,,
4666465611,4666465616,102.336008,0,"footway",,,,,,,,,,
4666465611,4666465603,134.06819000000002,0,"footway",,,,,,,,,,
4666465603,4666465611,134.06819000000002,0,"footway",,,,,,,,,,
4666465603,5109258744,48.629738,0,"footway",,,,,,,,,,
5109258744,4666465603,48.629738,0,"footway",,,,,,,,,,
4624468267,4666465571,23.549666,0,"footway",,,,,,,,,,
4666465571,4624468267,23.549666,0,"footway",,,,,,,,,,
4666465654,4624468266,19.105462,0,"footway",,,,,,,,,,
4624468266,4666465654,19.105462,0,"footway",,,,,,,,,,
5091984494,5091969123,7.324809,0,"footway",,,,,,,,,,
5091969123,5091984494,7.324809,0,"footway",,,,,,,,,,
5091984493,5091984492,14.784422,0,"footway",,,,,,,,,,
5091984492,5091984493,14.784422,0,"footway",,,,,,,,,,
5091968386,5091968396,17.191791,0,"footway",,,,,,,,,,
5091968396,5091968386,17.191791,0,"footway",,,,,,,,,,
5091969135,5091968396,32.309754,0,"footway",,,,,,,,,,
5091968396,5091969135,32.309754,1,"footway",,,,,,,,,,
5091969123,5091969133,23.318146,0,"footway",,,,,,,,,,
5091969133,5091969123,23.318146,0,"footway",,,,,,,,,,
5091968414,5091969128,43.088031,0,"footway",,,,,,,,,,
5091969128,5091968414,43.088031,0,"footway",,,,,,,,,,
5091969128,5091969133,29.667628,0,"footway",,,,,,,,,,
5091969133,5091969128,29.667628,0,"footway",,,,,,,,,,
5091969133,5091969129,30.473042,0,"footway",,,,,,,,,,
5091969129,5091969133,30.473042,0,"footway",,,,,,,,,,
1097906665,5091969127,62.146291,0,"footway",,,,,,,,,,
5091969127,1097906665,62.146291,0,"footway",,,,,,,,,,
5091969127,5091969128,27.560171,0,"footway",,,,,,,,,,
5091969128,5091969127,27.560171,0,"footway",,,,,,,,,,
5091969128,5091968407,16.637231,0,"footway",,,,,,,,,,
5091968407,5091969128,16.637231,0,"footway",,,,,,,,,,
5091969127,5091968407,32.069717,0,"footway",,,,,,,,,,
5091968407,5091969127,32.069717,0,"footway",,,,,,,,,,
5091968407,5091969123,28.10339,0,"footway",,,,,,,,,,
5091969123,5091968407,28.10339,0,"footway",,,,,,,,,,
5091969123,5091969121,62.455163,0,"footway",,,,,,,,,,
5091969121,5091969123,62.455163,0,"footway",,,,,,,,,,
5091968420,1097906526,99.010408,0,"footway",,,,,,,,,,
1097906526,5091968420,99.010408,0,"footway",,,,,,,,,,
5091968420,5091968400,40.497384999999994,0,"footway",,,,,,,,,,
5091984492,5091968420,9.515483,0,"footway",,,,,,,,,,
5091969121,5091984492,10.984356,0,"footway",,,,,,,,,,
5091968396,5091969121,79.966434,0,"footway",,,,,,,,,,
5091969129,5091968396,108.006247,0,"footway",,,,,,,,,,
5091968414,5091969129,94.950394,0,"footway",,,,,,,,,,
5091968417,5091968414,74.206891,0,"footway",,,,,,,,,,
1143721532,2235081807,10.311992,1,"primary",,"2",,,,"paved",,,,
2348718846,1143721532,39.622547000000004,0,"primary",,"2",,,,"paved",,,,
4844563800,2348718846,15.315812,0,"primary",,"2",,,,"paved",,,,
4844563799,4844563800,11.582702,0,"primary",,"2",,,"building_passage","paved",,,,
1093626721,4844563797,63.977981,0,"primary",,"2",,,,"paved",,,,
1093626410,1093626721,37.41993,1,"primary",,"2",,,,"paved",,,,
4844563797,4844563798,11.968593,0,"primary",,"2",,,"building_passage","paved",,,,
4666465514,1192530099,19.864504,0,"footway",,,,,,,,,,
1192530099,4666465514,19.864504,0,"footway",,,,,,,,,,
5109258742,5109258744,34.011445,0,"footway",,,,,,,,,,
5109258744,5109258742,34.011445,0,"footway",,,,,,,,,,
5109258744,5109258738,41.517415,0,"footway",,,,,,,,,,
5109258738,5109258744,41.517415,0,"footway",,,,,,,,,,
4666465603,4666465661,69.443181,0,"footway",,,,,,,,,,
4666465661,4666465603,69.443181,0,"footway",,,,,,,,,,
4666465645,4666465654,87.90777299999999,0,"footway",,,,,,,,,,
4666465654,4666465645,87.90777299999999,0,"footway",,,,,,,,,,
4666465654,4666465653,19.167197,0,"footway",,,,,,,,,,
4666465653,4666465654,19.167197,0,"footway",,,,,,,,,,
4666465660,4666465649,28.015594999999998,0,"footway",,,,,,,,,,
4666465649,4666465660,28.015594999999998,0,"footway",,,,,,,,,,
5109258739,4666465649,40.876465,0,"footway",,,,,,,,,,
4666465649,5109258738,12.562425000000001,0,"footway",,,,,,,,,,
5109258738,4666465646,44.446577,0,"footway",,,,,,,,,,
4666465649,5109258739,40.876465,0,"footway",,,,,,,,,,
5109258738,4666465649,12.562425000000001,0,"footway",,,,,,,,,,
4666465646,5109258738,44.446577,0,"footway",,,,,,,,,,
5109258736,4666465660,6.613278,0,"footway",,,,,,,,,,
4666465660,5109258736,6.613278,0,"footway",,,,,,,,,,
4666465660,4666465645,6.868706,0,"footway",,,,,,,,,,
4666465645,4666465660,6.868706,0,"footway",,,,,,,,,,
4666465645,5109258742,38.883123,0,"footway",,,,,,,,,,
5109258742,4666465645,38.883123,0,"footway",,,,,,,,,,
5109258742,4666465661,46.724214,0,"footway",,,,,,,,,,
4666465661,5109258742,46.724214,0,"footway",,,,,,,,,,
4666465661,4666465640,43.939253,0,"footway",,,,,,,,,,
4666465640,4666465661,43.939253,0,"footway",,,,,,,,,,
4666465616,4666465623,56.026343000000004,0,"footway",,,,,,,,,,
4666465574,4666465571,28.02679,0,"footway",,,,,,,,,,
4666465571,4666465574,28.02679,0,"footway",,,,,,,,,,
4666465571,4666465565,83.52335299999999,0,"footway",,,,,,,,,,
4666465565,4666465571,83.52335299999999,0,"footway",,,,,,,,,,
4666465565,5109258779,30.894046000000003,0,"footway",,,,,,,,,,
5109258779,4666465565,30.894046000000003,0,"footway",,,,,,,,,,
5109258779,5109258781,44.935091,0,"footway",,,,,,,,,,
5109258781,5109258779,44.935091,0,"footway",,,,,,,,,,
4666465564,5109258779,23.291012000000002,0,"footway",,,,,,,,,,
5109258779,4666465564,23.291012000000002,0,"footway",,,,,,,,,,
5109258779,4666465560,15.200737,0,"footway",,,,,,,,,,
4666465560,5109258779,15.200737,0,"footway",,,,,,,,,,
4666465506,4666465560,74.641791,0,"footway",,,,,,,,,,
4666465560,4666465496,72.934607,0,"footway",,,,,,,,,,
4666465560,4666465506,74.641791,0,"footway",,,,,,,,,,
4666465496,4666465560,72.934607,0,"footway",,,,,,,,,,
4666465554,5109258781,50.41691300000001,0,"footway",,,,,,,,,,
4624468271,5109258781,9.636968,0,"footway",,,,,,,,,,
5109258781,4624468271,9.636968,0,"footway",,,,,,,,,,
4666465564,5109258781,60.038946,0,"footway",,,,,,,,,,
4666465565,4666465564,24.442332,0,"footway",,,,,,,,,,
4666465545,4666465565,10.439443,0,"footway",,,,,,,,,,
4666465533,4666465545,185.535334,0,"footway",,,,,,,,,,
4666465637,4624468271,106.342928,0,"footway",,,,,,,,,,
4624468271,4666465640,57.271952,0,"footway",,,,,,,,,,
4666465640,4624468271,57.271952,0,"footway",,,,,,,,,,
4666465640,4666465574,40.155238999999995,0,"footway",,,,,,,,,,
4666465574,4666465640,40.155238999999995,0,"footway",,,,,,,,,,
4666465574,4624468267,18.724771,0,"footway",,,,,,,,,,
4624468267,4666465574,18.724771,0,"footway",,,,,,,,,,
4624468267,4624468266,16.634387,0,"footway",,,,,,,,,,
4624468266,4624468267,16.634387,0,"footway",,,,,,,,,,
4624468266,4666465653,20.075253,0,"footway",,,,,,,,,,
4666465653,4624468266,20.075253,0,"footway",,,,,,,,,,
4666465653,4624468264,32.883744,0,"footway",,,,,,,,,,
4624468264,4666465653,32.883744,0,"footway",,,,,,,,,,
4624462029,1135821050,82.593187,0,"tertiary",,,,,,,,,,
1135821050,4624462029,82.593187,0,"tertiary",,,,,,,,,,
3800364354,3800364344,53.273295,0,"footway",,,,,,,,,,
3800364344,3800364354,53.273295,0,"footway",,,,,,,,,,
1143630469,1177472796,7.470538,0,"primary",,"2",,,,"paved",,,,
2393584322,1143630469,15.52655,0,"primary",,"2",,,,"paved",,,,
1685221267,2393584322,14.69926,0,"primary",,"2",,,,"paved",,,,
252052891,1685221267,8.029219,1,"primary",,"2",,,,"paved",,,,
3800364610,252052891,14.425724,1,"primary",,"2",,,,"paved",,,,
4622812846,3800364610,31.371765,0,"primary",,"3",,,,"paved",,,,
1096526949,3809762406,6.160923,0,"unclassified",,,,,,"paved",,,,
3809762406,1096526949,6.160923,0,"unclassified",,,,,,"paved",,,,
3809762406,1096526830,39.693452,0,"unclassified",,,,,,"paved",,,,
1096526830,3809762406,39.693452,0,"unclassified",,,,,,"paved",,,,
1096526830,1096527964,216.52771900000005,0,"unclassified",,,,,,"paved",,,,
1096527964,1096526830,216.52771900000005,0,"unclassified",,,,,,"paved",,,,
252052944,1093469842,8.150274,1,"primary",,,,,,"paved",,,,
2393573021,252052944,10.51773,1,"primary",,,,,,"paved",,,,
1096526949,2393573021,226.805892,0,"primary",,,,,,"paved",,,,
2393573025,1096526949,96.005167,0,"primary",,,,,,"paved",,,,
2238497066,2393573025,12.523207,0,"primary",,,,,,"paved",,,,
2393573013,2238497066,16.895345,0,"primary",,,,,,"paved",,,,
5894306197,2393573013,189.457939,1,"primary",,,,,,"paved",,,,
1114945003,5894306197,58.035495,0,"primary",,,,,,"paved",,,,
1097931942,1114945003,77.0455,1,"primary",,,,,,"paved",,,,
2393573010,1097931942,56.178279,0,"primary",,,,,,"paved",,,,
832285994,2393573010,58.548959999999994,1,"primary",,,,,,"paved",,,,
2393573039,832285994,13.736389,1,"primary",,,,,,"paved",,,,
1805702535,2393573039,1328.105005,7,"primary",,,,,,"paved",,,,
2393573018,1093685732,1042.271153,6,"primary",,,,,,"paved",,,,
1141096960,2393573018,14.083673,0,"primary",,,,,,"paved",,,,
1093685773,1141096960,24.933236,1,"primary",,,,,,"paved",,,,
2393573042,1093685773,33.890894,1,"primary",,,,,,"paved",,,,
1114945009,2393573042,133.038913,0,"primary",,,,,,"paved",,,,
2393573051,1114945009,247.73199,2,"primary",,,,,,"paved",,,,
1093685806,2393573051,15.899275,0,"primary",,,,,,"paved",,,,
2393573033,1093685806,12.534648,1,"primary",,,,,,"paved",,,,
1093725295,2393573033,187.674384,0,"primary",,,,,,"paved",,,,
2393573009,1093725295,134.44266,0,"primary",,,,,,"paved",,,,
1093685736,2393573009,11.207512,0,"primary",,,,,,"paved",,,,
2393584318,1685221132,17.147744,0,"primary",,,,,,"paved",,,,
1685221269,2393584318,10.587088,0,"primary",,,,,,"paved",,,,
1685221267,1685221269,12.84176,1,"primary",,,,,,"paved",,,,
2393584305,1685221267,17.433342,1,"primary",,,,,,"paved",,,,
2393573016,2393584305,80.974122,1,"primary",,,,,,"paved",,,,
2393573036,2393573016,224.27025400000002,0,"primary",,,,,,"paved",,,,
1093469842,2393573036,10.902506,0,"primary",,,,,,"paved",,,,
1093685736,252052944,9.281996,1,"primary",,"2",,,,"paved",,,,
2393573035,1093469842,12.23903,1,"primary",,"2",,,,"paved",,,,
1942852600,2393573035,32.470436,0,"primary",,"2",,,,"paved",,,,
1942852601,1942852600,46.268339,0,"primary",,"2",,,,"paved",,,,
1143630530,1942852601,165.610643,1,"primary",,"2",,,,"paved",,,,
1143630477,1143630530,165.706887,1,"primary",,"2",,,,"paved",,,,
1093626773,1143630477,75.85378,0,"primary",,"2",,,,"paved",,,,
2235081807,1093626773,36.16229,1,"primary",,"2",,,,"paved",,,,
1093469771,1093469981,310.21063399999997,1,"primary",,"2",,,,"paved",,,,
1093771076,1093469771,43.466279,0,"primary",,"2",,,,"paved",,,,
1093469840,1093771076,36.907209,0,"primary",,"2",,,,"paved",,,,
1093725274,1093469840,40.645875,0,"primary",,"2",,,,"paved",,,,
1093469973,1093725274,71.523065,0,"primary",,"2",,,,"paved",,,,
1093469891,1093469973,54.81634,0,"primary",,"2",,,,"paved",,,,
2393573034,1093469891,60.959586,0,"primary",,"2",,,,"paved",,,,
1093685697,2393573034,11.577749,0,"primary",,"2",,,,"paved",,,,
3166576534,3809762406,229.715251,0,"footway",,,,,,,,,,
3809762406,3166576534,229.715251,0,"footway",,,,,,,,,,
3809762406,3809762404,93.644175,0,"footway",,,,,,,,,,
3809762404,3809762406,93.644175,0,"footway",,,,,,,,,,
3809762404,3809762401,7.866174,0,"footway",,,,,,,,,,
3809762401,3809762404,7.866174,0,"footway",,,,,,,,,,
3809762401,3809762403,43.707489,0,"footway",,,,,,,,,,
3809762403,3809762401,43.707489,0,"footway",,,,,,,,,,
3166576533,3809762408,133.376029,0,"footway",,,,,,,,,,
3809762408,3166576533,133.376029,0,"footway",,,,,,,,,,
3809762408,3809762402,187.965741,0,"footway",,,,,,,,,,
3809762402,3809762408,187.965741,0,"footway",,,,,,,,,,
3809762402,3809762400,4.876205,0,"footway",,,,,,,,,,
3809762400,3809762402,4.876205,0,"footway",,,,,,,,,,
3809762400,3809762399,24.496232,0,"footway",,,,,,,,,,
3809762399,3809762400,24.496232,0,"footway",,,,,,,,,,
3166576534,2393573021,5.303582,0,"footway",,,,,,,,,,
2393573021,3166576534,5.303582,0,"footway",,,,,,,,,,
2393573021,2393573009,9.245553,0,"footway",,,,,,,,,,
2393573009,2393573021,9.245553,0,"footway",,,,,,,,,,
2393573009,3166576533,5.800057,0,"footway",,,,,,,,,,
3166576533,2393573009,5.800057,0,"footway",,,,,,,,,,
3809762419,2393584316,5.799776,0,"footway",,,,,,,,,,
2393584316,3809762419,5.799776,0,"footway",,,,,,,,,,
2393584316,2393584290,7.294883,0,"footway",,,,,,,,,,
2393584290,2393584316,7.294883,0,"footway",,,,,,,,,,
2393584290,3809762418,5.816976,0,"footway",,,,,,,,,,
3809762418,2393584290,5.816976,0,"footway",,,,,,,,,,
3809762394,2393573013,6.104833,0,"footway",,,,,,,,,,
2393573013,3809762394,6.104833,0,"footway",,,,,,,,,,
2393573013,2393573051,9.407048,0,"footway",,,,,,,,,,
2393573051,2393573013,9.407048,0,"footway",,,,,,,,,,
2393573051,3809762393,4.680571,0,"footway",,,,,,,,,,
3809762393,2393573051,4.680571,0,"footway",,,,,,,,,,
3166576536,2393573038,5.406271,0,"footway",,,,,,,,,,
2393573038,3166576536,5.406271,0,"footway",,,,,,,,,,
2393573038,2393573035,7.759141,0,"footway",,,,,,,,,,
2393573035,2393573038,7.759141,0,"footway",,,,,,,,,,
2393573035,3800486920,5.209994,0,"footway",,,,,,,,,,
3800486920,2393573035,5.209994,0,"footway",,,,,,,,,,
3809762387,2393573042,5.792589,0,"footway",,,,,,,,,,
2393573042,3809762387,5.792589,0,"footway",,,,,,,,,,
2393573042,2393573010,8.192312,0,"footway",,,,,,,,,,
2393573010,2393573042,8.192312,0,"footway",,,,,,,,,,
2393573010,3809762388,8.728649,0,"footway",,,,,,,,,,
3809762388,2393573010,8.728649,0,"footway",,,,,,,,,,
3809762416,2393584287,5.753783,0,"footway",,,,,,,,,,
2393584287,3809762416,5.753783,0,"footway",,,,,,,,,,
2393584287,2393584297,7.373051,0,"footway",,,,,,,,,,
2393584297,2393584287,7.373051,0,"footway",,,,,,,,,,
2393584297,3809762417,5.783054,0,"footway",,,,,,,,,,
3809762417,2393584297,5.783054,0,"footway",,,,,,,,,,
3166576532,2393573055,4.62362,0,"footway",,,,,,,,,,
2393573055,3166576532,4.62362,0,"footway",,,,,,,,,,
2393573055,2393573034,7.392866,0,"footway",,,,,,,,,,
2393573034,2393573055,7.392866,0,"footway",,,,,,,,,,
2393573034,3800486875,4.447973,0,"footway",,,,,,,,,,
3800486875,2393573034,4.447973,0,"footway",,,,,,,,,,
3800486854,2393573048,4.782429,0,"footway",,,,,,,,,,
2393573048,3800486854,4.782429,0,"footway",,,,,,,,,,
2393573048,2393573036,8.758929,0,"footway",,,,,,,,,,
2393573036,2393573048,8.758929,0,"footway",,,,,,,,,,
2393573036,3800486905,4.722741,0,"footway",,,,,,,,,,
3800486905,2393573036,4.722741,0,"footway",,,,,,,,,,
3809762396,2393573031,7.926138,0,"footway",,,,,,,,,,
2393573031,3809762396,7.926138,0,"footway",,,,,,,,,,
2393573031,3809762400,9.047649,0,"footway",,,,,,,,,,
3809762400,2393573031,9.047649,0,"footway",,,,,,,,,,
3809762397,2393573014,7.778879,0,"footway",,,,,,,,,,
2393573014,3809762397,7.778879,0,"footway",,,,,,,,,,
2393573014,3809762401,8.821856,0,"footway",,,,,,,,,,
3809762401,2393573014,8.821856,0,"footway",,,,,,,,,,
3166576536,3166576546,475.63956400000006,0,"footway",,,"2",,,"paved",,"yes",,
3166576534,3166576536,8.447,0,"footway",,,"2",,,"paved",,"yes",,
3809762418,3800364564,11.34904,0,"footway",,,,,,,,,,
3800364564,3809762418,11.34904,0,"footway",,,,,,,,,,
3800486865,2393573054,5.684227,0,"footway",,,,,,,,,,
2393573054,3800486865,5.684227,0,"footway",,,,,,,,,,
2393573054,2393573016,8.331036,0,"footway",,,,,,,,,,
2393573016,2393573054,8.331036,0,"footway",,,,,,,,,,
2393573016,3800486893,5.85954,0,"footway",,,,,,,,,,
3800486893,2393573016,5.85954,0,"footway",,,,,,,,,,
3800364355,2393584296,8.496257,0,"footway",,,,,,,,,,
2393584296,3800364355,8.496257,0,"footway",,,,,,,,,,
2393584296,2393584318,8.420875,0,"footway",,,,,,,,,,
2393584318,2393584296,8.420875,0,"footway",,,,,,,,,,
3800364354,2393584318,4.905895,0,"footway",,,,,,,,,,
3800486837,1685221130,7.88198,0,"footway",,,,,,,,,,
1685221130,3800486837,7.88198,0,"footway",,,,,,,,,,
1685221130,2393584305,7.285579,0,"footway",,,,,,,,,,
2393584305,1685221130,7.285579,0,"footway",,,,,,,,,,
2393584305,3800486842,5.892458,0,"footway",,,,,,,,,,
3800486842,2393584305,5.892458,0,"footway",,,,,,,,,,
1685221151,1312613434,11.558129,0,"footway",,,,,,,,,,
1312613434,1685221151,11.558129,0,"footway",,,,,,,,,,
1685221151,3809762420,18.987987,0,"footway",,,,,,,,,,
3809762420,1685221151,18.987987,0,"footway",,,,,,,,,,
3809762420,3809762419,26.652469,0,"footway",,,,,,,,,,
3809762419,3809762420,26.652469,0,"footway",,,,,,,,,,
3809762419,2393584311,16.739899,0,"footway",,,,,,,,,,
2393584311,3809762419,16.739899,0,"footway",,,,,,,,,,
3800486891,3800486875,17.269453,0,"footway",,,,,,,,,,
3800486875,3800486891,17.269453,0,"footway",,,,,,,,,,
3800486875,3800486854,8.980927,0,"footway",,,,,,,,,,
3800486854,3800486875,8.980927,0,"footway",,,,,,,,,,
3800486854,3800486865,220.727752,0,"footway",,,,,,,,,,
3800486865,3800486854,220.727752,0,"footway",,,,,,,,,,
3800486865,3800486837,82.103441,0,"footway",,,,,,,,,,
3800486837,3800486865,82.103441,0,"footway",,,,,,,,,,
3800364610,3800364563,13.089901,0,"footway",,,,,,,,,,
3800486837,3800364610,19.580725,0,"footway",,,,,,,,,,
2393584322,2393584289,12.134217,0,"footway",,,,,,,,,,
2393584289,2393584322,12.134217,0,"footway",,,,,,,,,,
2393584289,3800364354,17.78022,0,"footway",,,,,,,,,,
3800364354,2393584289,17.78022,0,"footway",,,,,,,,,,
3800486926,2393573018,5.202762,0,"footway",,,,,,,,,,
2393573018,3800486926,5.202762,0,"footway",,,,,,,,,,
2393573018,2393573039,8.486504,0,"footway",,,,,,,,,,
2393573039,2393573018,8.486504,0,"footway",,,,,,,,,,
2393573039,3800486860,8.615076,0,"footway",,,,,,,,,,
3800486860,2393573039,8.615076,0,"footway",,,,,,,,,,
3809762395,3809762396,58.178873,0,"footway",,,,,,,,,,
3809762396,3809762395,58.178873,0,"footway",,,,,,,,,,
3809762396,3809762393,10.787083,0,"footway",,,,,,,,,,
3809762393,3809762396,10.787083,0,"footway",,,,,,,,,,
3809762393,5894092146,118.443315,0,"footway",,,,,,,,,,
5894092146,3809762393,118.443315,0,"footway",,,,,,,,,,
5894092146,1115329109,14.395293,0,"footway",,,,,,,,,,
1115329109,5894092146,14.395293,0,"footway",,,,,,,,,,
1115329109,1114945019,115.263879,0,"footway",,,,,,,,,,
1114945019,1115329109,115.263879,0,"footway",,,,,,,,,,
1114945019,3809762387,133.39505400000002,0,"footway",,,,,,,,,,
3809762387,1114945019,133.39505400000002,0,"footway",,,,,,,,,,
3809762387,2393573029,33.191108,0,"footway",,,,,,,,,,
2393573029,3809762387,33.191108,0,"footway",,,,,,,,,,
2393573029,3800486926,39.347331,0,"footway",,,,,,,,,,
3800486926,2393573029,39.347331,0,"footway",,,,,,,,,,
3800364566,3800486926,246.865388,0,"footway",,,,,,,,,,
832286017,1097942133,106.639424,0,"unclassified",,,,,,,,,,
1097942133,1097942241,64.835987,0,"footway",,,,,,,,"yes",,
5923786362,2393573029,430.58839300000005,1,"tertiary",,"2",,,,,,,,
2393573029,1093685773,5.356908,0,"tertiary",,"2",,,,,,,,
832286017,5923786362,380.44434600000005,1,"tertiary",,"2",,,,,,,,
2393573029,832286017,50.144047,0,"tertiary",,"2",,,,,,,,
1093685773,2393573029,5.356908,0,"tertiary",,"2",,,,,,,,
1097942241,1097942133,64.835987,0,"footway",,,,,,,,"yes",,
1097942133,832286013,67.635046,0,"unclassified",,,,,,,,,,
3800486926,3800364566,246.865388,0,"footway",,,,,,,,,,
3809762398,3809762397,69.760779,0,"footway",,,,,,,,,,
3809762397,3809762398,69.760779,0,"footway",,,,,,,,,,
3809762397,3809762394,9.550115,0,"footway",,,,,,,,,,
3809762394,3809762397,9.550115,0,"footway",,,,,,,,,,
3809762394,4666465623,168.155983,0,"footway",,,,,,,,,,
4666465623,3809762394,168.155983,0,"footway",,,,,,,,,,
4666465623,1114945014,79.178709,0,"footway",,,,,,,,,,
1114945014,4666465623,79.178709,0,"footway",,,,,,,,,,
1114945014,3809762390,77.751692,0,"footway",,,,,,,,,,
3809762390,1114945014,77.751692,0,"footway",,,,,,,,,,
3809762390,3809762388,55.265279,0,"footway",,,,,,,,,,
3809762388,3809762390,55.265279,0,"footway",,,,,,,,,,
3809762388,3809762385,58.742295,0,"footway",,,,,,,,,,
3809762385,3809762388,58.742295,0,"footway",,,,,,,,,,
3809762385,3800486860,13.383473,0,"footway",,,,,,,,,,
3800486860,3809762385,13.383473,0,"footway",,,,,,,,,,
3800486860,3809762383,385.689159,0,"footway",,,,,,,,,,
3809762383,3800486860,385.689159,0,"footway",,,,,,,,,,
3809762418,2393584291,92.3351,0,"footway",,,,,,,,,,
2393584291,3809762418,92.3351,0,"footway",,,,,,,,,,
3809732422,2393584291,412.061766,0,"footway",,,,,,,,,,
3800364564,3809762416,15.686658,0,"footway",,,,,,,,,,
3809762416,3800364564,15.686658,0,"footway",,,,,,,,,,
3800364355,3809762416,108.10521800000001,0,"footway",,,,,,,,,,
3800364563,3800364355,15.076162,0,"footway",,,,,,,,,,
3800364344,3809762417,53.561146,0,"footway",,,,,,,,,,
3809762417,3800364344,53.561146,0,"footway",,,,,,,,,,
3809762417,2393584311,10.072139,0,"footway",,,,,,,,,,
2393584311,3809762417,10.072139,0,"footway",,,,,,,,,,
2393584283,2393584284,394.36064400000004,0,"footway",,,,,,,,,,
2393584284,2393584283,394.36064400000004,0,"footway",,,,,,,,,,
2393584284,1685221151,58.695745,0,"footway",,,,,,,,,,
1685221151,2393584284,58.695745,0,"footway",,,,,,,,,,
3397906397,3397906419,133.89126499999998,0,"footway",,,,,,,,,,
3397906419,3397906397,133.89126499999998,0,"footway",,,,,,,,,,
1093469818,2099138615,84.72315900000001,0,"unclassified",,,,,,,,,,
2099138615,1093469818,84.72315900000001,0,"unclassified",,,,,,,,,,
1116455540,3166576546,13.936781,0,"footway",,,"2",,,"paved",,,,
3166576546,1116455540,13.936781,0,"footway",,,"2",,,"paved",,,,
3166576533,3166576532,9.776589,0,"footway",,,"2",,,"paved",,"yes",,
3166576532,3166576533,9.776589,0,"footway",,,"2",,,"paved",,"yes",,
3166576532,3809762411,54.874691,0,"footway",,,"2",,,"paved",,"yes",,
3809762411,3166576532,54.874691,0,"footway",,,"2",,,"paved",,"yes",,
3166576516,3809762411,575.3929280000001,0,"footway",,,"2",,,"paved",,"yes",,
1143630553,1143630594,66.406373,0,"unclassified",,,,,,"paved",,,,
1143630594,1143630553,66.406373,0,"unclassified",,,,,,"paved",,,,
832287170,1127750503,194.315894,0,"unclassified",,,,,,,,,,
1127750503,832287170,194.315894,0,"unclassified",,,,,,,,,,
1127749495,1127750503,38.527799,0,"unclassified",,,,,,,,,,
1127750503,1127748939,61.049536999999994,0,"unclassified",,,,,,,,,,
1127748939,1127749495,22.521738000000003,0,"unclassified",,,,,,,,,,
1143630477,1143630677,49.588527,0,"unclassified",,,,,,,,,,
1143630677,1143630477,49.588527,0,"unclassified",,,,,,,,,,
1143630469,1143630615,68.430384,0,"unclassified",,,,,,,,,,
1143630615,1143630469,68.430384,0,"unclassified",,,,,,,,,,
1096527668,1093626140,23.784032,0,"unclassified",,,,,,,,,,
1179091491,2848912151,17.544162,0,"tertiary",,"2",,"yes",,,,,,
2848912151,1179091491,17.544162,0,"tertiary",,"2",,"yes",,,,,,
1093626713,1096527668,26.909558,1,"unclassified",,,,,,,,,,
1143866688,2295464288,126.244959,0,"unclassified",,,,,,,,,,
2295464288,1143866688,126.244959,0,"unclassified",,,,,,,,,,
2393584287,1177473760,51.801534,0,"primary",,,,,,"paved",,,,
1127749051,2393584287,13.992944,0,"primary",,,,,,"paved",,,,
2393584290,1127749051,12.970817,1,"primary",,,,,,"paved",,,,
1127750550,2393584290,97.03638,0,"primary",,,,,,"paved",,,,
2367729205,1127750550,776.6920869999998,2,"primary",,,,,,"paved",,,,
5091969134,5091969135,45.935508999999996,1,"tertiary",,,,,,,,,,
1096527807,1097906635,382.523259,1,"tertiary",,,,,,,,,,
1096527807,2393573014,44.992579,0,"tertiary",,,,,,"paved",,,,
2393573014,1096527807,44.992579,0,"tertiary",,,,,,"paved",,,,
2393573014,2238497066,10.4385,0,"tertiary",,,,,,"paved",,,,
2238497066,2393573014,10.4385,0,"tertiary",,,,,,"paved",,,,
2393573055,1093685736,11.34776,1,"primary",,"2",,,,"paved",,,,
1093725474,2393573055,54.710881,0,"primary",,"2",,,,"paved",,,,
252052977,1093725474,259.570986,0,"primary",,"2",,,,"paved",,,,
2234986316,252052977,311.612282,1,"primary",,"2",,,,"paved",,,,
1093725403,393130769,49.822634,0,"unclassified",,,,,,,,,"yes",
2238497066,1093685806,9.502,1,"secondary",,,,,,,,,,
1093685806,2238497066,9.502,0,"secondary",,,,,,,,,,
1093685806,2393573031,10.104254,0,"secondary",,,,,,,,,,
2393573031,1093685806,10.104254,1,"secondary",,,,,,,,,,
2393573031,1093725482,21.656848,0,"secondary",,,,,,,,,,
1093725482,2393573031,21.656848,0,"secondary",,,,,,,,,,
1093725482,393130770,67.049503,0,"secondary",,,,,,,,,,
393130770,1093725482,67.049503,0,"secondary",,,,,,,,,,
393130770,393130769,36.644276000000005,0,"secondary",,,,,,,,,,
393130769,1093725241,123.908038,0,"secondary",,,,,,,,,,
1093725241,393130770,160.552314,0,"secondary",,,,,,,,,,
1093725241,1096526866,149.691625,0,"secondary",,,,,,,,,,
1096526866,1093725241,149.691625,0,"secondary",,,,,,,,,,
1096526866,1094679544,152.68918899999997,0,"secondary",,,,,,,,,,
1094679544,1096526866,152.68918899999997,0,"secondary",,,,,,,,,,
1094679544,393130757,159.448036,0,"secondary",,,,,,,,,,
393130757,1094679544,159.448036,0,"secondary",,,,,,,,,,
393130757,1093469963,206.100157,2,"secondary",,,,,,,,,,
1094679544,393130757,188.09428300000002,0,"unclassified",,,,,,"asphalt",,,,
1093469963,393130757,206.100157,1,"secondary",,,,,,,,,,
393130757,1094679544,188.09428300000002,0,"unclassified",,,,,,"asphalt",,,,
2099138615,1093725403,197.171172,0,"unclassified",,,,,,,,,"yes",
2099138607,2099138615,4.287576,0,"unclassified",,,,,,,,,"yes",
252052977,2099138607,55.357458,0,"unclassified",,,,,,,,,"yes",
2099138607,1096526866,234.50215300000002,0,"unclassified",,,,,,,,,,
1096526866,2099138607,234.50215300000002,0,"unclassified",,,,,,,,,,
1093725403,1093725241,89.221846,0,"unclassified",,,,,,,,,,
1093725241,1093725403,89.221846,0,"unclassified",,,,,,,,,,
1093725295,3809762408,4.965448,0,"unclassified",,,,,,"paved",,,,
3809762408,1093725295,4.965448,0,"unclassified",,,,,,"paved",,,,
3809762408,1093725376,46.251423,0,"unclassified",,,,,,"paved",,,,
1093725376,3809762408,46.251423,0,"unclassified",,,,,,"paved",,,,
393130770,1093725376,246.475328,0,"unclassified",,,,,,"paved",,,,
1093725482,3809762399,8.767854,0,"unclassified",,,,,,,,,,
3809762399,1093725376,185.69128600000002,0,"unclassified",,,,,,,,,,
1093725376,3809762411,142.574037,0,"unclassified",,,,,,,,,,
3809762411,1093725474,3.851648,0,"unclassified",,,,,,,,,,
3809762399,1093725482,8.767854,0,"unclassified",,,,,,,,,,
1093725376,3809762399,185.69128600000002,0,"unclassified",,,,,,,,,,
3809762411,1093725376,142.574037,0,"unclassified",,,,,,,,,,
1093725474,3809762411,3.851648,0,"unclassified",,,,,,,,,,
1093725376,393130770,246.475328,0,"unclassified",,,,,,"paved",,,,
1135769332,297164912,537.801911,1,"primary",,"2",,,,"paved",,,,
2038377650,1135769332,51.27416,0,"primary",,"2",,,,"paved",,,,
1135769358,2038377650,57.772337,0,"primary",,"2",,,,"paved",,,,
260571021,1135769358,184.07995499999998,0,"primary",,"2",,,,"paved",,,,
1135769416,260571021,53.618721,0,"primary",,"2",,,,"paved",,,,
1135769476,1135769416,89.428492,0,"primary",,"2",,,,"paved",,,,
1135769337,1135769476,38.642126000000005,0,"primary",,"2",,,,"paved",,,,
4844563798,1135769337,25.772844000000003,0,"primary",,"2",,,,"paved",,,,
1093469842,1093685697,8.594801,1,"primary",,"2",,,,"paved",,,,
1093626646,1093626410,74.777746,1,"primary",,"2",,,,"paved",,,,
1096527010,1093626646,125.16759099999999,0,"primary",,"2",,,,"paved",,,,
260571013,1096527010,40.189280999999994,1,"primary",,"2",,,,"paved",,,,
1096527436,260571013,44.5006,0,"primary",,"2",,,,"paved",,,,
1096526692,1096527436,40.996275999999995,0,"primary",,"2",,,,"paved",,,,
1096527306,1096526692,89.801361,1,"primary",,"2",,,,"paved",,,,
2393573038,1096527306,71.182639,0,"primary",,"2",,,,"paved",,,,
252052944,2393573038,11.820454,0,"primary",,"2",,,,"paved",,,,
2153714770,1097906635,27.678088000000002,0,"tertiary_link",,,,,,,,,,
1097993381,2153714760,16.238035,0,"tertiary_link",,,,,,,,,,
832285656,1097906744,65.420685,0,"tertiary",,,,,,,,,,
1097906744,832285656,65.420685,0,"tertiary",,,,,,,,,,
2038377545,2038377560,66.981119,0,"tertiary",,,,,,,,,,
2038377560,2038377545,66.981119,0,"tertiary",,,,,,,,,,
2038377560,2038377576,215.413607,0,"tertiary",,,,,,,,,,
2038377576,2038377560,215.413607,0,"tertiary",,,,,,,,,,
660127368,2038377510,376.349839,0,"unclassified",,,,,,,,,,
2038377545,2038377539,75.483124,0,"tertiary",,,,,,,,,,
2038377539,2038377545,75.483124,0,"tertiary",,,,,,,,,,
2038377539,2038377510,57.93954599999999,0,"tertiary",,,,,,,,,,
2038377510,2038377539,57.93954599999999,0,"tertiary",,,,,,,,,,
2038377510,1135821049,31.45841,0,"tertiary",,,,,,,,,,
1135821049,2038377510,31.45841,0,"tertiary",,,,,,,,,,
1135821049,2038377415,263.861454,0,"tertiary",,,,,,,,,,
2038377415,1135821049,263.861454,0,"tertiary",,,,,,,,,,
2038377579,2038377584,45.776531,0,"unclassified",,,,,,,,,,
2038377584,2038377579,45.776531,0,"unclassified",,,,,,,,,,
665213114,665213111,152.02597500000002,0,"unclassified",,,,,,,,,,
665213111,582049941,44.286795999999995,0,"unclassified",,,,,,,,,,
1922031279,2038377584,9.077289,0,"unclassified",,,,,,,,,,
2038377584,1922031279,9.077289,0,"unclassified",,,,,,,,,,
2038377584,1922031271,39.746712,0,"unclassified",,,,,,,,,,
1922031271,2038377584,39.746712,0,"unclassified",,,,,,,,,,
1922031271,393130791,45.396709,0,"unclassified",,,,,,,,,,
393130791,1922031271,45.396709,0,"unclassified",,,,,,,,,,
1922031309,1922031333,43.796949999999995,0,"unclassified",,,,,,,,,,
1922031333,1922031309,43.796949999999995,0,"unclassified",,,,,,,,,,
1922031333,1922031359,57.347374,0,"unclassified",,,,,,,,,,
1922031331,1922031333,21.343176,0,"unclassified",,,,,,,,,,
1922031359,1922031333,57.347374,0,"unclassified",,,,,,,,,,
1922031333,1922031331,21.343176,0,"unclassified",,,,,,,,,,
1922031324,1922031313,58.415134,0,"unclassified",,,,,,,,,,
1922031313,1922031324,58.415134,0,"unclassified",,,,,,,,,,
1922031313,1922031309,25.958486999999998,0,"unclassified",,,,,,,,,,
1922031309,1922031313,25.958486999999998,0,"unclassified",,,,,,,,,,
1922031309,1922031307,16.100882,0,"unclassified",,,,,,,,,,
1922031307,1922031309,16.100882,0,"unclassified",,,,,,,,,,
1922031279,1135769346,58.258873,0,"unclassified",,,,,,,,,,
1135769346,1922031279,58.258873,0,"unclassified",,,,,,,,,,
1922031307,1135769346,67.68981099999999,0,"unclassified",,,,,,,,,,
1135769364,1922031307,20.182137,0,"unclassified",,,,,,,,,,
1922031530,581888327,238.797504,0,"unclassified",,,,,,,,,,
1135769385,393130793,141.101707,0,"unclassified",,,,,,,,,,
393130793,1135769385,141.101707,0,"unclassified",,,,,,,,,,
1922031439,1922031417,74.339801,0,"unclassified",,,,,,,,,,
1922031417,1922031439,74.339801,0,"unclassified",,,,,,,,,,
1922031528,1922031491,72.164507,0,"unclassified",,,,,,,,,,
1922031509,1922031472,28.537605,0,"unclassified",,,,,,,,,,
1922031472,1922031509,28.537605,0,"unclassified",,,,,,,,,,
1922031472,1922031449,17.084532,0,"unclassified",,,,,,,,,,
1922031449,1922031472,17.084532,0,"unclassified",,,,,,,,,,
1922031524,1922031492,108.082083,0,"unclassified",,,,,,,,,,
1922031508,1922031509,15.539196,0,"unclassified",,,,,,,,,,
1922031509,1922031508,15.539196,0,"unclassified",,,,,,,,,,
1922031509,1922031511,20.638652,0,"unclassified",,,,,,,,,,
1922031511,1922031509,20.638652,0,"unclassified",,,,,,,,,,
1922031441,1922031413,50.240827,0,"unclassified",,,,,,,,,,
1922031413,1922031441,50.240827,0,"unclassified",,,,,,,,,,
664964088,1093469888,40.460945,0,"unclassified",,,,,,,,,,
1093469888,664964088,40.460945,0,"unclassified",,,,,,,,,,
1822539917,1922031462,112.910156,0,"unclassified",,,,,,,,,,
1922031462,1822539917,112.910156,0,"unclassified",,,,,,,,,,
1922031345,1922031343,22.335507,0,"unclassified",,,,,,,,,,
1922031343,1922031345,22.335507,0,"unclassified",,,,,,,,,,
1093469810,1922031451,47.412951,0,"unclassified",,,,,,,,,,
1922031451,1093469810,47.412951,0,"unclassified",,,,,,,,,,
665213122,1922031492,27.249077,0,"unclassified",,,,,,,,,,
1922031492,665213122,27.249077,0,"unclassified",,,,,,,,,,
1922031511,1922031492,28.03571,0,"unclassified",,,,,,,,,,
1922031530,1922031511,57.485198,0,"unclassified",,,,,,,,,,
1822539917,1922031530,50.4728,0,"unclassified",,,,,,,,,,
393130782,1135769426,198.934179,1,"tertiary",,"1",,,,,,,,
1135769376,1135769467,59.150923999999996,0,"unclassified",,,,,,,,,,
1135769467,1135769376,59.150923999999996,0,"unclassified",,,,,,,,,,
1135769426,393130782,209.48896200000001,1,"tertiary",,"1",,,,,,,,
297164912,393130793,391.93282000000005,1,"tertiary",,"2",,,,,,,,
393130793,297164912,391.93282000000005,2,"tertiary",,"2",,,,,,,,
393130793,393130791,20.534401,0,"tertiary",,"2",,,,,,,,
393130791,393130793,20.534401,0,"tertiary",,"2",,,,,,,,
393130791,4624462029,14.193723,0,"tertiary",,"2",,,,,,,,
4624462029,393130791,14.193723,0,"tertiary",,"2",,,,,,,,
4624462029,2038377579,75.61540600000001,0,"tertiary",,"2",,,,,,,,
2038377579,4624462029,75.61540600000001,0,"tertiary",,"2",,,,,,,,
2038377579,1135769426,78.039917,1,"tertiary",,"2",,,,,,,,
1135769426,2038377579,78.039917,0,"tertiary",,"2",,,,,,,,
1135769323,1135769424,16.507301,0,"unclassified",,,,,,,,,,
1135821055,1135820923,320.067856,0,"tertiary",,,,,,,,,,
1135820923,1135821055,320.067856,0,"tertiary",,,,,,,,,,
1135820923,1135821065,216.276936,0,"tertiary",,,,,,,,,,
1135821065,1135820923,216.276936,0,"tertiary",,,,,,,,,,
1135821065,393130781,70.473975,0,"tertiary",,,,,,,,,,
393130781,1135821065,70.473975,0,"tertiary",,,,,,,,,,
1135821065,2038377576,50.693058,0,"unclassified",,,,,,,,,,
2038377576,1135821065,50.693058,0,"unclassified",,,,,,,,,,
2038377576,1135821092,112.74714699999998,0,"unclassified",,,,,,,,,,
1135821092,2038377576,112.74714699999998,0,"unclassified",,,,,,,,,,
1135821092,1135821050,164.15838000000002,0,"unclassified",,,,,,,,,,
1135821050,1135820932,86.681212,0,"unclassified",,,,,,,,,,
1135769426,1135821092,78.172289,0,"tertiary",,"2",,,,,,,,
1135769396,1135769420,34.531267,0,"unclassified",,,,,,,,,,
1135769420,1135769396,34.531267,0,"unclassified",,,,,,,,,,
1135769356,1135769483,119.725957,0,"unclassified",,,,,,,,,,
1135769483,1135769356,119.725957,0,"unclassified",,,,,,,,,,
1135769483,1135769377,39.457162,0,"unclassified",,,,,,,,,,
1135769377,1135769483,39.457162,0,"unclassified",,,,,,,,,,
1135769377,1135769418,13.046824,0,"unclassified",,,,,,,,,,
1135769418,1135769377,13.046824,0,"unclassified",,,,,,,,,,
1135769339,1135769418,131.896318,0,"unclassified",,,,,,,,,,
1135769467,1135769362,80.540085,0,"unclassified",,,,,,,,,,
1135769362,1135769467,80.540085,0,"unclassified",,,,,,,,,,
1135769362,1135769384,140.702907,0,"unclassified",,,,,,,,,,
1135769384,1135769362,140.702907,0,"unclassified",,,,,,,,,,
1135769384,1922031279,78.58430200000001,0,"unclassified",,,,,,,,,,
1922031279,1135769384,78.58430200000001,0,"unclassified",,,,,,,,,,
1135769384,1135769426,49.383662,1,"unclassified",,,,,,,,,,
1922031345,1922031324,37.563527,0,"unclassified",,,,,,,,,,
1922031361,1922031345,25.872318999999997,0,"unclassified",,,,,,,,,,
1135769332,1922031361,116.458923,0,"unclassified",,,,,,,,,,
1922031324,1135769346,137.17146,0,"unclassified",,,,,,,,,,
1135769346,1135769384,145.540773,0,"unclassified",,,,,,,,,,
1135769447,1135769362,39.104201,0,"unclassified",,,,,,,,,,
1135769362,1135769386,30.638836,0,"unclassified",,,,,,,,,,
1135769362,1135769447,39.104201,0,"unclassified",,,,,,,,,,
1135769386,1135769362,30.638836,0,"unclassified",,,,,,,,,,
1135769467,1135769418,143.63321,0,"unclassified",,,,,,,,,,
1135769418,1135769467,143.63321,0,"unclassified",,,,,,,,,,
1135769418,1180771801,188.740049,0,"unclassified",,,,,,,,,,
393130782,1135769376,96.042089,0,"unclassified",,,,,,,,,,
1135769376,393130782,96.042089,1,"unclassified",,,,,,,,,,
1135769376,1135769492,158.844413,0,"unclassified",,,,,,,,,,
1135769492,1135769376,158.844413,0,"unclassified",,,,,,,,,,
1135769492,1135769494,34.385776,0,"unclassified",,,,,,,,,,
1135769494,1135769492,34.385776,0,"unclassified",,,,,,,,,,
1135769494,1135769424,75.696933,0,"unclassified",,,,,,,,,,
1135769396,1135769494,173.077623,0,"unclassified",,,,,,,,,,
1135769337,1135769396,41.375304,0,"unclassified",,,,,,,,,,
1135769341,1135769353,30.225163,0,"unclassified",,,,,,,,,,
1135769353,1135769341,30.225163,0,"unclassified",,,,,,,,,,
1135769377,1135769353,86.600784,0,"unclassified",,,,,,,,,,
1135769353,1135769373,4.619981,0,"unclassified",,,,,,,,,,
1135769353,1135769377,86.600784,0,"unclassified",,,,,,,,,,
1135769373,1135769353,4.619981,0,"unclassified",,,,,,,,,,
1135769358,1135769373,110.127288,0,"unclassified",,,,,,,,,,
1135769373,1135769356,81.89468,0,"unclassified",,,,,,,,,,
1135769356,1135769494,165.142235,0,"unclassified",,,,,,,,,,
1135769356,1135769373,81.89468,0,"unclassified",,,,,,,,,,
1135769494,1135769356,165.142235,0,"unclassified",,,,,,,,,,
1135769424,1135769396,97.38069,0,"unclassified",,,,,,,,,,
1135769396,1135769337,41.375304,0,"unclassified",,,,,,,,,,
1135769492,2038377633,145.560481,0,"unclassified",,,,,,,,,,
2038377633,1135769492,145.560481,0,"unclassified",,,,,,,,,,
1097993386,1096527807,202.16597099999998,1,"tertiary",,,,,,,,,,
1097993381,1097993386,40.39757,0,"tertiary",,,,,,,,,,
2153714770,1097993381,155.985603,0,"tertiary",,,,,,,,,,
1097993396,2153714770,34.679408,0,"tertiary",,,,,,,,,,
5091969135,1097993396,44.705858,0,"tertiary",,,,,,,,,,
393130782,393130781,18.383996,0,"tertiary",,"2",,,,,,,,
393130781,393130782,18.383996,1,"tertiary",,"2",,,,,,,,
393130781,5091969135,94.87204200000001,1,"tertiary",,"2",,,,,,,,
5091969135,393130781,94.87204200000001,0,"tertiary",,"2",,,,,,,,
1093626771,1097935079,42.194749,1,"unclassified",,,,,,,,,,
1097935079,1093626771,42.194749,0,"unclassified",,,,,,,,,,
1097935079,1097935081,51.445157,0,"unclassified",,,,,,,,,,
1097935081,1097935079,51.445157,1,"unclassified",,,,,,,,,,
4971644959,1097935081,89.321515,0,"unclassified",,,,,,,,,,
1097935081,4971644959,89.321515,0,"unclassified",,,,,,,,,,
1097935081,1097935073,75.83738,0,"unclassified",,,,,,,,,,
1097935073,1097935081,75.83738,0,"unclassified",,,,,,,,,,
1097935073,1096526772,84.476521,0,"unclassified",,,,,,,,,,
1096526772,1097935073,84.476521,0,"unclassified",,,,,,,,,,
1096526772,1097935083,117.132114,0,"unclassified",,,,,,,,,,
1097935083,1096526772,117.132114,0,"unclassified",,,,,,,,,,
1097935073,1097935084,52.592384,0,"unclassified",,,,,,,,,,
1097935084,1097935073,52.592384,0,"unclassified",,,,,,,,,,
1097906640,1097906788,18.055933,0,"tertiary",,,,"yes",,,,,,
1097906788,1097906640,18.055933,0,"tertiary",,,,"yes",,,,,,
1096526772,1096527763,46.09111,0,"unclassified",,,,,,,,,,
1096527763,1096526772,46.09111,0,"unclassified",,,,,,,,,,
1096527668,1093626477,73.69465,0,"unclassified",,,,,,,,,,
1093626477,1096527668,73.69465,1,"unclassified",,,,,,,,,,
1096526696,1096527031,116.136898,0,"unclassified",,,,,,,,,,
1096527031,1096526696,116.136898,0,"unclassified",,,,,,,,,,
1096527717,1096527851,61.431867,0,"unclassified",,,,,,,,,,
1096527851,1096527717,61.431867,0,"unclassified",,,,,,,,,,
1096527851,1096527342,109.361325,0,"unclassified",,,,,,,,,,
1096527342,1096527851,109.361325,0,"unclassified",,,,,,,,,,
1096527342,1093626771,122.76294499999999,0,"unclassified",,,,,,,,,,
1093626771,1096527342,122.76294499999999,0,"unclassified",,,,,,,,,,
1093626272,1096527232,69.835742,0,"unclassified",,,,,,,,,,
1096527232,1093626272,69.835742,0,"unclassified",,,,,,,,,,
1096527010,1096527931,97.408209,0,"unclassified",,,,,,,,,,
1096527931,1096527010,97.408209,0,"unclassified",,,,,,,,,,
1096527931,1096527196,3.62762,0,"unclassified",,,,,,,,,,
1096527196,1096527931,3.62762,0,"unclassified",,,,,,,,,,
1096527196,1096527107,164.53078299999999,0,"unclassified",,,,,,,,,,
1096527107,1096527196,164.53078299999999,0,"unclassified",,,,,,,,,,
1096527107,1096527342,47.457494,0,"unclassified",,,,,,,,,,
1096527342,1096527107,47.457494,0,"unclassified",,,,,,,,,,
1096527196,1096527532,88.50579900000001,0,"unclassified",,,,,,,,,,
1096527532,1096527196,88.50579900000001,0,"unclassified",,,,,,,,,,
1096527203,1096527532,164.559144,0,"unclassified",,,,,,,,,,
1096527532,1096527203,164.559144,0,"unclassified",,,,,,,,,,
1096527532,1096527594,142.305588,0,"unclassified",,,,,,,,,,
1096527594,1096527532,142.305588,0,"unclassified",,,,,,,,,,
1093626121,1096527031,43.092964,0,"unclassified",,,,,,,,,,
1096527031,1093626121,43.092964,0,"unclassified",,,,,,,,,,
1096527594,1096527031,54.717346,0,"unclassified",,,,,,,,,,
1096527107,1096527594,28.346074,0,"unclassified",,,,,,,,,,
473485246,1096527198,57.947516,0,"unclassified",,,,,,,,,,
1096527198,473485246,57.947516,0,"unclassified",,,,,,,,,,
1097993396,1093626771,104.521556,0,"unclassified",,,,,,,,,,
1093626771,1093626121,69.274131,0,"unclassified",,,,,,,,,,
1093626121,1096526696,66.722225,0,"unclassified",,,,,,,,,,
1096526696,1096527198,5.19397,0,"unclassified",,,,,,,,,,
1096527198,1093626272,98.865003,0,"unclassified",,,,,,,,,,
1093626272,1096527203,2.389707,0,"unclassified",,,,,,,,,,
1096527203,1093626477,48.215049,0,"unclassified",,,,,,,,,,
1093626477,1093626646,53.369203,0,"unclassified",,,,,,,,,,
1093626771,1097993396,104.521556,0,"unclassified",,,,,,,,,,
1093626121,1093626771,69.274131,0,"unclassified",,,,,,,,,,
1096526696,1093626121,66.722225,0,"unclassified",,,,,,,,,,
1096527198,1096526696,5.19397,0,"unclassified",,,,,,,,,,
1093626272,1096527198,98.865003,0,"unclassified",,,,,,,,,,
1096527203,1093626272,2.389707,0,"unclassified",,,,,,,,,,
1093626477,1096527203,48.215049,0,"unclassified",,,,,,,,,,
1093626646,1093626477,53.369203,0,"unclassified",,,,,,,,,,
1096527668,1096527232,53.10367,0,"tertiary",,,,,,,,,,
1096527232,1097935083,18.506038,0,"tertiary",,,,,,,,,,
1097935083,1096527763,74.456574,0,"tertiary",,,,,,,,,,
1096527763,473485246,6.600552,0,"tertiary",,,,,,,,,,
473485246,1097935084,76.212088,0,"tertiary",,,,,,,,,,
1097935084,1097935079,71.133446,1,"tertiary",,,,,,,,,,
1097935079,5091969135,114.015067,1,"tertiary",,,,,,,,,,
5091969135,1097906788,603.43202,0,"tertiary",,,,,,,,,,
1096527232,1096527668,53.10367,1,"tertiary",,,,,,,,,,
1097935083,1096527232,18.506038,0,"tertiary",,,,,,,,,,
1096527763,1097935083,74.456574,0,"tertiary",,,,,,,,,,
473485246,1096527763,6.600552,0,"tertiary",,,,,,,,,,
1097935084,473485246,76.212088,0,"tertiary",,,,,,,,,,
1097935079,1097935084,71.133446,0,"tertiary",,,,,,,,,,
5091969135,1097935079,114.015067,1,"tertiary",,,,,,,,,,
1097906788,5091969135,603.4320200000001,1,"tertiary",,,,,,,,,,
1096527031,1096527594,54.717346,0,"unclassified",,,,,,,,,,
1096527594,1096527107,28.346074,0,"unclassified",,,,,,,,,,
1096527878,1096527931,110.946182,0,"unclassified",,,,,,,,,,
1096527931,1096527878,110.946182,0,"unclassified",,,,,,,,,,
1096527436,1096527878,95.258384,0,"unclassified",,,,,,,,,,
1096527878,1096527964,145.95719000000003,0,"unclassified",,,,,,,,,,
1096527878,1096527436,95.258384,0,"unclassified",,,,,,,,,,
1096527964,1096527878,145.95719000000003,0,"unclassified",,,,,,,,,,
1096527964,1096527851,60.917116,0,"unclassified",,,,,,"paved",,,,
1096527851,1097993386,92.75704900000001,0,"unclassified",,,,,,"paved",,,,
1096527851,1096527964,60.917116,0,"unclassified",,,,,,"paved",,,,
1097993386,1096527851,92.75704900000001,0,"unclassified",,,,,,"paved",,,,
1097906640,1097906744,44.801627,0,"tertiary",,,,,,,,,,
1097906744,1094547153,248.506557,1,"tertiary",,,,,,,,,,
1097906744,1097906640,44.801627,0,"tertiary",,,,,,,,,,
1094547153,1097906744,248.506557,0,"tertiary",,,,,,,,,,
1096527306,1096527388,151.533481,0,"unclassified",,,,,,,,,,
1096527388,1096527306,151.533481,0,"unclassified",,,,,,,,,,
1096526692,1096527388,228.211259,0,"unclassified",,,,,,,,,,
1096527388,1096526692,228.211259,0,"unclassified",,,,,,,,,,
1096527388,1096527767,62.925125,0,"unclassified",,,,,,,,,,
1096527767,1096527388,62.925125,0,"unclassified",,,,,,,,,,
1096527272,1096527767,107.516369,0,"unclassified",,,,,,,,,,
1096527767,1096526830,89.034986,0,"unclassified",,,,,,,,,,
1096526830,3809762403,109.33397699999999,0,"unclassified",,,,,,,,,,
3809762403,1096527807,8.724965,0,"unclassified",,,,,,,,,,
1096527767,1096527272,107.516369,0,"unclassified",,,,,,,,,,
1096526830,1096527767,89.034986,0,"unclassified",,,,,,,,,,
3809762403,1096526830,109.33397699999999,0,"unclassified",,,,,,,,,,
1096527807,3809762403,8.724965,0,"unclassified",,,,,,,,,,
1135769483,1135769423,145.577434,0,"unclassified",,,,,,,,,,
1135769423,1135769483,145.577434,0,"unclassified",,,,,,,,,,
1135769368,1135769459,85.457876,0,"unclassified",,,,,,,,,,
1135769459,1135769368,85.457876,0,"unclassified",,,,,,,,,,
1135769459,1135769381,45.486515,0,"unclassified",,,,,,,,,,
1135769381,1135769459,45.486515,0,"unclassified",,,,,,,,,,
1135769416,1135769459,50.919672,0,"unclassified",,,,,,,,,,
1135769459,1135769323,122.952419,0,"unclassified",,,,,,,,,,
1135769459,1135769416,50.919672,0,"unclassified",,,,,,,,,,
260571021,1135769381,42.881061,0,"unclassified",,,,,,,,,,
1135769381,1135769459,128.161283,0,"unclassified",,,,,,,,,,
1135769381,260571021,42.881061,0,"unclassified",,,,,,,,,,
1135769475,1135769381,84.006598,0,"unclassified",,,,,,,,,,
1135769476,1135769420,39.755882,0,"unclassified",,,,,,"paved",,,,
1135769420,1135769368,23.231703,0,"unclassified",,,,,,"paved",,,,
1135769368,1135769323,67.235257,0,"unclassified",,,,,,"paved",,,,
1135769420,1135769476,39.755882,0,"unclassified",,,,,,"paved",,,,
1135769368,1135769420,23.231703,0,"unclassified",,,,,,"paved",,,,
1135769323,1135769368,67.235257,0,"unclassified",,,,,,"paved",,,,
1135821050,1135821092,164.15838000000002,0,"unclassified",,,,,,,,,,
1135820932,1135821050,86.681212,0,"unclassified",,,,,,,,,,
1135821092,1135769426,78.172289,1,"tertiary",,"2",,,,,,,,
1135820923,1135821049,144.135986,0,"unclassified",,,,,,,,,,
1135821049,1135820923,144.135986,0,"unclassified",,,,,,,,,,
1135821102,1135821090,133.649503,0,"unclassified",,,,,,,,,,
1135821090,1135821102,133.649503,0,"unclassified",,,,,,,,,,
1135820985,1160435117,303.433525,0,"unclassified",,,,,,,,,,
832285656,1135821055,80.258957,0,"tertiary",,,,,,,,,,
1135821055,832285656,80.258957,0,"tertiary",,,,,,,,,,
1135821055,2038377415,42.280428,0,"tertiary",,,,,,,,,,
2038377415,1135821055,42.280428,0,"tertiary",,,,,,,,,,
2038377415,1135821102,152.038023,0,"tertiary",,,,,,,,,,
1135821102,1135821031,28.553376,0,"tertiary",,,,,,,,,,
1135821031,2038480941,437.915881,1,"tertiary",,,,,,,,,,
664964055,2038377415,302.14696299999997,0,"unclassified",,,,,,,,,,
1135820985,2038377415,62.371086,0,"tertiary",,,,,,,,,,
1135820969,1135820985,44.012428,0,"tertiary",,,,,,,,,,
1135821102,1135820969,45.654509,0,"tertiary",,,,,,,,,,
2038480941,1135821102,466.46925699999997,1,"tertiary",,,,,,,,,,
1135769373,1135769481,147.330904,0,"unclassified",,,,,,,,,,
1922031417,1093469808,158.76736699999998,0,"unclassified",,,,,,,,,,
1922031439,1922031417,82.50542899999999,0,"unclassified",,,,,,,,,,
665213122,1922031439,9.164394,0,"unclassified",,,,,,,,,,
1922031441,665213122,33.506831,0,"unclassified",,,,,,,,,,
1922031449,1922031441,0.995877,0,"unclassified",,,,,,,,,,
1922031451,1922031449,23.052012,0,"unclassified",,,,,,,,,,
1922031462,1922031451,24.924142,0,"unclassified",,,,,,,,,,
664964088,1922031462,19.687989,0,"unclassified",,,,,,,,,,
1922031491,664964088,19.28687,0,"unclassified",,,,,,,,,,
1180771655,1922031491,34.392222000000004,0,"unclassified",,,,,,,,,,
1093469864,4844563799,5.559304,0,"primary",,"2",,,,"paved",,,,
1093469888,1093469864,436.153466,3,"primary",,"2",,,,"paved",,,,
1093469810,1093469888,45.079667,0,"primary",,"2",,,,"paved",,,,
1922031413,1093469810,28.620238,0,"primary",,"2",,,,"paved",,,,
1093469808,1922031413,192.272422,0,"primary",,"2",,,,"paved",,,,
297164912,1093469808,335.471515,0,"primary",,"2",,,,"paved",,,,
1093469864,665213111,195.56704499999995,0,"unclassified",,,,,,,,,,
1093469808,1922031417,158.76736699999998,0,"unclassified",,,,,,,,,,
1922031417,1922031439,82.50542899999999,0,"unclassified",,,,,,,,,,
1922031439,665213122,9.164394,0,"unclassified",,,,,,,,,,
665213122,1922031441,33.506831,0,"unclassified",,,,,,,,,,
1922031441,1922031449,0.995877,0,"unclassified",,,,,,,,,,
1922031449,1922031451,23.052012,0,"unclassified",,,,,,,,,,
1922031451,1922031462,24.924142,0,"unclassified",,,,,,,,,,
1922031462,664964088,19.687989,0,"unclassified",,,,,,,,,,
664964088,1922031491,19.28687,0,"unclassified",,,,,,,,,,
1922031491,1180771705,69.04759999999999,0,"unclassified",,,,,,,,,,
1922031492,1922031511,28.03571,0,"unclassified",,,,,,,,,,
1922031511,1922031530,57.485198,0,"unclassified",,,,,,,,,,
1922031530,1822539917,50.4728,0,"unclassified",,,,,,,,,,
1822539917,1922031530,278.644053,0,"unclassified",,,,,,,,,,
1922031492,1922031524,108.082083,0,"unclassified",,,,,,,,,,
1922031472,1922031474,10.084369,0,"unclassified",,,,,,,,,,
1922031474,1922031472,10.084369,0,"unclassified",,,,,,,,,,
1922031491,1922031528,72.164507,0,"unclassified",,,,,,,,,,
1922031361,1922031340,80.077718,0,"unclassified",,,,,,,,,,
1922031340,1922031361,80.077718,0,"unclassified",,,,,,,,,,
1922031340,1922031313,53.843367,0,"unclassified",,,,,,,,,,
1922031341,1922031340,15.038623,0,"unclassified",,,,,,,,,,
1922031313,1922031340,53.843367,0,"unclassified",,,,,,,,,,
1922031340,1922031341,15.038623,0,"unclassified",,,,,,,,,,
1135769346,1922031307,67.68981099999999,0,"unclassified",,,,,,,,,,
1922031307,1135769364,20.182137,0,"unclassified",,,,,,,,,,
1922031271,1922031298,137.93375600000002,0,"unclassified",,,,,,,,,,
1922031298,1922031271,137.93375600000002,0,"unclassified",,,,,,,,,,
2038377539,2038377560,36.475038,0,"tertiary",,,,,,,,,,
2038377560,2038377539,36.475038,0,"tertiary",,,,,,,,,,
2038377545,1135821078,301.318647,0,"unclassified",,,,,,,,,,
1135821078,2038377545,301.318647,0,"unclassified",,,,,,,,,,
2038377510,660127368,376.349839,0,"unclassified",,,,,,,,,,
1097906818,1192530035,50.640417,0,"tertiary",,,,,,,,,,
1192530035,1097906818,50.640417,0,"tertiary",,,,,,,,,,
1097906818,1192530099,36.151779,0,"unclassified",,,,,,,,,,
1192530099,1097906818,36.151779,0,"unclassified",,,,,,,,,,
1192530099,1192530086,53.522379,0,"unclassified",,,,,,,,,,
1192530086,1192530099,53.522379,0,"unclassified",,,,,,,,,,
1160435104,1097906792,385.066806,0,"unclassified",,,,,,,,,,
1160435111,1097906708,384.20643499999994,0,"unclassified",,,,,,,,,,
1160435126,3809762383,7.429476,0,"unclassified",,,,,,,,,,
3809762383,1160435126,7.429476,0,"unclassified",,,,,,,,,,
3809762383,1097906948,378.187438,0,"unclassified",,,,,,,,,,
1097906948,3809762383,378.187438,0,"unclassified",,,,,,,,,,
1160435108,1097906563,385.029261,0,"unclassified",,,,,,,,,,
1097906563,1160435108,385.029261,0,"unclassified",,,,,,,,,,
832285675,1192530035,3.700541,0,"unclassified",,,,,,"paved",,,,
1192530035,1192530086,39.874538,0,"unclassified",,,,,,"paved",,,,
1192530086,1097906708,247.49775799999998,0,"unclassified",,,,,,"paved",,,,
1097906708,1097906563,47.451162,0,"unclassified",,,,,,"paved",,,,
1097906563,1097906792,53.147674,0,"unclassified",,,,,,"paved",,,,
1097906792,1097906948,56.696701,0,"unclassified",,,,,,"paved",,,,
1097906948,3809762385,24.881552,0,"unclassified",,,,,,"paved",,,,
3809762385,832285994,8.324579,1,"unclassified",,,,,,"paved",,,,
832285994,1141096960,8.397734,1,"unclassified",,,,,,"paved",,,,
1192530035,832285675,3.700541,0,"unclassified",,,,,,"paved",,,,
1192530086,1192530035,39.874538,0,"unclassified",,,,,,"paved",,,,
1097906563,1192530086,294.94892,0,"unclassified",,,,,,"paved",,,,
1097906792,1097906563,53.147674,0,"unclassified",,,,,,"paved",,,,
1097906948,1097906792,56.696701,0,"unclassified",,,,,,"paved",,,,
3809762385,1097906948,24.881552,0,"unclassified",,,,,,"paved",,,,
832285994,3809762385,8.324579,0,"unclassified",,,,,,"paved",,,,
1141096960,832285994,8.397734,1,"unclassified",,,,,,"paved",,,,
832285675,1160435125,381.63128800000004,0,"unclassified",,,,,,,,,,
1097906792,1160435104,385.066806,0,"unclassified",,,,,,,,,,
1097906635,1097906864,82.119044,0,"tertiary",,,,,,,,,,
1097906864,5091969134,131.864849,0,"tertiary",,,,,,,,,,
1097906864,4624468264,3.786056,0,"tertiary",,,,,,,,,,
4624468264,5091968400,10.463728,0,"tertiary",,,,,,,,,,
5091968400,1097906526,83.802664,0,"tertiary",,,,,,,,,,
1097906526,1097906818,256.184006,0,"tertiary",,,,,,,,,,
5091969134,1097906864,166.05089700000002,0,"unclassified",,,,,,,,,,
4624468264,1097906864,3.786056,0,"tertiary",,,,,,,,,,
5091968400,4624468264,10.463728,0,"tertiary",,,,,,,,,,
1097906526,5091968400,83.802664,0,"tertiary",,,,,,,,,,
1097906818,1097906526,256.184006,0,"tertiary",,,,,,,,,,
1097906864,5091969134,166.05089700000002,0,"unclassified",,,,,,,,,,
3800364344,2124959170,104.957001,0,"footway",,,,,,,,,,
2124959170,3800364344,104.957001,0,"footway",,,,,,,,,,
2036495042,2036495190,96.19182199999999,0,"unclassified",,,,,,,,,,
2036495190,2036495042,96.19182199999999,0,"unclassified",,,,,,,,,,
2036495037,2036494994,114.39582200000001,0,"unclassified",,,,,,"paved",,,,
2036494994,2036495037,114.39582200000001,0,"unclassified",,,,,,"paved",,,,
1143721534,2036495042,74.029213,0,"unclassified",,,,,,"paved",,,,
2036495042,1143721534,74.029213,1,"unclassified",,,,,,"paved",,,,
2036428864,2036411526,151.592219,1,"unclassified",,,,,,"paved",,,,
582055193,2036428864,16.143212,0,"unclassified",,,,"yes",,,,,,
582049626,720554657,205.71945,1,"unclassified",,,,,,"paved",,,,
720554657,582049626,205.71945,0,"unclassified",,,,,,"paved",,,,
1607512528,2036411586,85.330005,0,"unclassified",,,,,,,,,,
1211896573,1211896574,8.276176,1,"unclassified",,,,,,,,,,
1211896574,1211896573,8.276176,1,"unclassified",,,,,,,,,,
2036411546,2036411528,86.365678,1,"unclassified",,,,,,"paved",,,,
2036411527,2036411555,90.410619,0,"unclassified",,,,,,"paved",,,,
2036411525,2036411563,122.94336,0,"unclassified",,,,,,"paved",,,,
2036411524,2036411525,10.830753,1,"unclassified",,,,,,"paved",,,,
671601551,2036411541,48.057137,0,"unclassified",,,,,,"paved",,,,
2036411530,2036411537,61.73959,0,"unclassified",,,,,,,,,,
2036411555,1942852663,173.646751,0,"unclassified",,,,,,,,,,
1942852658,3397906419,26.064405999999998,0,"unclassified",,,,,,,,,,
665213076,1942852658,316.792141,0,"unclassified",,,,,,,,,,
3397906419,2036411602,212.787196,0,"unclassified",,,,,,,,,,
2036411602,2036411546,252.216716,0,"unclassified",,,,,,,,,,
1942852663,2035836644,60.444068,0,"unclassified",,,,,,,,,,
1942852663,2035836627,84.233233,0,"unclassified",,,,,,"paved",,,,
2035836627,1942852663,84.233233,0,"unclassified",,,,,,"paved",,,,
2124959170,720554676,35.083519,0,"primary",,"2",,,,"paved",,,,
2036494994,2124959170,9.341559,0,"primary",,"2",,,,"paved",,,,
1143721534,2036494994,72.720759,0,"primary",,"2",,,,"paved",,,,
1143630611,1143721534,99.394165,1,"primary",,"2",,,,"paved",,,,
1143630456,1143630611,88.571742,0,"primary",,"2",,,,"paved",,,,
1127749313,1143630456,69.091022,1,"primary",,"2",,,,"paved",,,,
1143630547,1127749313,71.118285,0,"primary",,"2",,,,"paved",,,,
4074571839,1143630547,61.607698,1,"primary",,"2",,,,"paved",,,,
1143630461,4074571839,12.859753,1,"primary",,"2",,,,"paved",,,,
2036411525,1143630461,96.01577,0,"primary",,"2",,,,"paved",,,,
2036411528,2036411525,91.466339,1,"primary",,"2",,,,"paved",,,,
2036411527,2036411528,57.941753,1,"primary",,"2",,,,"paved",,,,
2036411530,2036411527,86.148462,1,"primary",,"2",,,,"paved",,,,
2035836627,2036411530,79.401835,0,"primary",,"2",,,,"paved",,,,
1211896574,2035836627,45.556078,0,"primary",,"2",,,,"paved",,,,
671601551,1211896574,142.49983600000002,2,"primary",,"2",,,,"paved",,,,
2012583711,671601551,914.3691650000001,2,"primary",,"2",,,,"paved",,,,
1143630461,1143630594,96.668219,0,"unclassified",,,,,,"paved",,,,
2036411603,1942852686,154.603192,0,"unclassified",,,,,,,,,,
1942852686,2036411603,154.603192,0,"unclassified",,,,,,,,,,
1685221154,1685221264,1196.028636,1,"primary",,,,,,"paved",,,,
1685221150,1685221154,74.399269,1,"primary",,,,,,"paved",,,,
2393584316,1685221150,26.317015,0,"primary",,,,,,"paved",,,,
1685221149,2393584316,15.091778,0,"primary",,,,,,"paved",,,,
2393584297,1685221149,11.784334,1,"primary",,,,,,"paved",,,,
1685221136,2393584297,53.737312,0,"primary",,,,,,"paved",,,,
1685221132,1685221136,36.313936,0,"primary",,,,"yes",,"paved",,,,
1942852686,1127749329,54.886472999999995,0,"unclassified",,,,,,,,,,
2036411546,1942852686,148.204915,0,"unclassified",,,,,,,,,,
1312613610,1312613473,27.260295,0,"unclassified",,,,,,,,,,
1312613473,1312613610,27.260295,0,"unclassified",,,,,,,,,,
1312613473,1312613514,49.28609,0,"unclassified",,,,,,,,,,
1312613514,1312613473,49.28609,0,"unclassified",,,,,,,,,,
1312613466,1312613592,154.963004,0,"unclassified",,,,,,,,,,
1312613592,1312613466,154.963004,0,"unclassified",,,,,,,,,,
1127750070,1312613610,61.040157,0,"unclassified",,,,,,,,,,
1312613610,1127750070,61.040157,0,"unclassified",,,,,,,,,,
1312613610,1312613605,47.789809,0,"unclassified",,,,,,,,,,
1312613605,1312613610,47.789809,0,"unclassified",,,,,,,,,,
1312613438,1312613434,91.37581800000001,0,"unclassified",,,,,,"paved",,,,
1312613434,1312613438,91.37581800000001,0,"unclassified",,,,,,"paved",,,,
3809762420,1312613434,15.639886999999998,0,"unclassified",,,,,,"paved",,,,
1685221150,3809762420,5.036044,0,"unclassified",,,,,,"paved",,,,
1177424641,1312613430,39.640557,0,"unclassified",,,,,,,,,,
1312613430,1177424641,39.640557,0,"unclassified",,,,,,,,,,
1312613430,1312613501,66.219997,0,"unclassified",,,,,,,,,,
1312613501,1312613430,66.219997,0,"unclassified",,,,,,,,,,
1312613434,1312613386,47.942288000000005,0,"unclassified",,,,,,,,,,
1312613386,1312613434,47.942288000000005,0,"unclassified",,,,,,,,,,
1312613386,1312613703,59.482397,0,"unclassified",,,,,,,,,,
1312613703,1312613386,59.482397,0,"unclassified",,,,,,,,,,
1312613473,1312613436,60.908738,0,"unclassified",,,,,,,,,,
1312613436,1312613473,60.908738,0,"unclassified",,,,,,,,,,
1127749799,1312613413,89.60176700000001,0,"unclassified",,,,,,,,,,
1312613413,1127749799,89.60176700000001,0,"unclassified",,,,,,,,,,
1312613430,1312613599,63.761038,0,"unclassified",,,,,,,,,,
1312613413,1312613811,20.308436,0,"unclassified",,,,,,,,,,
1312613811,1312613413,20.308436,0,"unclassified",,,,,,,,,,
2848912151,720554595,2.50752,0,"tertiary",,"2",,,,"paved",,,,
720554595,2848912151,2.50752,0,"tertiary",,"2",,,,"paved",,,,
1143721622,720554595,14.969238,0,"tertiary",,"2",,,,"paved",,,,
720554595,720554725,125.03763800000002,1,"tertiary",,"2",,,,"paved",,,,
720554725,1143721622,110.06840000000001,0,"tertiary",,"2",,,,"paved",,,,
720554725,4074571839,11.425183,1,"tertiary",,"2",,,,"paved",,,,
4074571839,720554725,11.425183,1,"tertiary",,"2",,,,"paved",,,,
1116455540,1116455533,35.458445,0,"footway",,,,,,,,,,
1116455533,1116455540,35.458445,0,"footway",,,,,,,,,,
720554664,1143630649,80.101506,0,"footway",,,,,,,,,"yes",
1143630649,720554664,80.101506,0,"footway",,,,,,,,,"yes",
1143630649,1143630491,86.807657,0,"footway",,,,,,,,,"yes",
1143630491,1143630649,86.807657,0,"footway",,,,,,,,,"yes",
1143630491,1143630690,105.560537,0,"footway",,,,,,,,,"yes",
1143630690,1143630491,105.560537,0,"footway",,,,,,,,,"yes",
1143630690,1143630536,47.082496,0,"footway",,,,,,,,,"yes",
1143630536,1143630690,47.082496,0,"footway",,,,,,,,,"yes",
1143630536,720554739,57.368204,0,"footway",,,,,,,,,"yes",
720554739,1143630536,57.368204,0,"footway",,,,,,,,,"yes",
720554739,1143630629,61.464166000000006,0,"footway",,,,,,,,,"yes",
1143630629,720554739,61.464166000000006,0,"footway",,,,,,,,,"yes",
1143630629,720554526,53.308512,0,"footway",,,,,,,,,"yes",
720554526,1143630629,53.308512,0,"footway",,,,,,,,,"yes",
1179085889,1179085888,14.288892,0,"unclassified",,,,"yes",,,,,,
1179085888,1179085889,14.288892,0,"unclassified",,,,"yes",,,,,,
1179085778,1179085775,15.220566999999999,0,"unclassified",,,,"yes",,,,,,
1179085775,1179085778,15.220566999999999,0,"unclassified",,,,"yes",,,,,,
1179085773,1179085772,14.268586,0,"unclassified",,,,"yes",,,,,,
1179085772,1179085773,14.268586,0,"unclassified",,,,"yes",,,,,,
1177424777,1312613501,16.605129,0,"unclassified",,,,,,"paved",,,,
1312613501,1177424777,16.605129,0,"unclassified",,,,,,"paved",,,,
1312613501,1312613592,61.479238,0,"unclassified",,,,,,"paved",,,,
1312613592,1312613501,61.479238,0,"unclassified",,,,,,"paved",,,,
1312613592,1127748939,65.813762,0,"unclassified",,,,,,"paved",,,,
1127748939,1312613592,65.813762,0,"unclassified",,,,,,"paved",,,,
1127748939,1312613436,28.153912,0,"unclassified",,,,,,"paved",,,,
1312613436,1127748939,28.153912,0,"unclassified",,,,,,"paved",,,,
1312613436,1312613367,20.479643,0,"unclassified",,,,,,"paved",,,,
1312613367,1312613436,20.479643,0,"unclassified",,,,,,"paved",,,,
1312613367,1312613605,12.763701000000001,0,"unclassified",,,,,,"paved",,,,
1312613605,1312613367,12.763701000000001,0,"unclassified",,,,,,"paved",,,,
1312613605,1312613413,96.048317,0,"unclassified",,,,,,"paved",,,,
1312613413,1312613605,96.048317,0,"unclassified",,,,,,"paved",,,,
1312613413,3800364564,85.52035699999998,0,"unclassified",,,,,,"paved",,,,
3800364564,1312613413,85.52035699999998,0,"unclassified",,,,,,"paved",,,,
3800364564,1127749051,5.811911,1,"unclassified",,,,,,"paved",,,,
1127749051,3800364564,5.811911,0,"unclassified",,,,,,"paved",,,,
1177472796,1177472799,21.819136,0,"primary",,"2",,"yes",,"paved",,,,
1143721616,1143721422,43.19415599999999,0,"unclassified",,,,,,"paved",,,,
1143721422,1143721616,43.19415599999999,0,"unclassified",,,,,,"paved",,,,
1143721422,1143721541,89.891959,0,"unclassified",,,,,,"paved",,,,
1143721541,1143721422,89.891959,0,"unclassified",,,,,,"paved",,,,
1143721422,1143630555,97.808146,0,"unclassified",,,,,,,,,,
1143630613,1143721422,85.70061,0,"unclassified",,,,,,,,,,
1143721599,1143630613,62.892868,0,"unclassified",,,,,,,,,,
1143721750,1143721599,72.268846,0,"unclassified",,,,,,,,,,
1143721622,1143721750,69.459087,0,"unclassified",,,,,,,,,,
1127749986,1143630594,110.712934,0,"unclassified",,,,,,"paved",,,,
1143630594,1143630547,53.99494,1,"unclassified",,,,,,"paved",,,,
1127749692,1143630667,110.521937,0,"unclassified",,,,,,,,,,
1143630667,1127749692,110.521937,0,"unclassified",,,,,,,,,,
1127750259,1143630538,129.147152,0,"unclassified",,,,,,"paved",,,,
1143630538,1127750259,129.147152,0,"unclassified",,,,,,"paved",,,,
1143630538,1143630456,24.594963,1,"unclassified",,,,,,"paved",,,,
1143630456,1143630538,24.594963,0,"unclassified",,,,,,"paved",,,,
1143630515,1143721599,81.657536,0,"unclassified",,,,,,"paved",,,,
1143721599,1143630515,81.657536,0,"unclassified",,,,,,"paved",,,,
1143721599,1143630698,76.745655,0,"unclassified",,,,,,"paved",,,,
1143630698,1143721599,76.745655,0,"unclassified",,,,,,"paved",,,,
1179085888,1143630577,2.49118,0,"unclassified",,,,,,"paved",,,,
1143630577,1179085888,2.49118,0,"unclassified",,,,,,"paved",,,,
1143630577,1143630555,67.130542,0,"unclassified",,,,,,"paved",,,,
1143630555,1143630459,17.133605,1,"unclassified",,,,,,"paved",,,,
1143630459,1143630577,84.26414700000001,0,"unclassified",,,,,,"paved",,,,
1143630459,1143721534,10.832047,1,"unclassified",,,,,,"paved",,,,
1143721534,1143630459,10.832047,1,"unclassified",,,,,,"paved",,,,
1179085772,1143630437,2.898662,0,"unclassified",,,,,,"paved",,,,
1143630437,1179085772,2.898662,0,"unclassified",,,,,,"paved",,,,
1143630437,1143721750,43.792585,0,"unclassified",,,,,,"paved",,,,
1143721750,1143630437,43.792585,0,"unclassified",,,,,,"paved",,,,
1143721750,1143630673,95.916875,1,"unclassified",,,,,,"paved",,,,
1143630673,1143721750,95.916875,0,"unclassified",,,,,,"paved",,,,
1143630673,1143630547,11.906712,1,"unclassified",,,,,,"paved",,,,
1143630547,1143630673,11.906712,1,"unclassified",,,,,,"paved",,,,
1179085775,1143630683,3.734365,0,"unclassified",,,,,,"paved",,,,
1143630683,1179085775,3.734365,0,"unclassified",,,,,,"paved",,,,
1143630683,1143630613,93.256774,0,"unclassified",,,,,,"paved",,,,
1143630613,1143630683,93.256774,0,"unclassified",,,,,,"paved",,,,
1143630613,1143630520,62.919787,1,"unclassified",,,,,,"paved",,,,
1143630520,1143630613,62.919787,0,"unclassified",,,,,,"paved",,,,
1143630520,1143630456,10.857009,1,"unclassified",,,,,,"paved",,,,
1143630456,1143630520,10.857009,1,"unclassified",,,,,,"paved",,,,
1211896573,2012583703,1067.634391,3,"primary",,"2",,,,"paved",,,,
720554657,1211896573,208.92783699999998,1,"primary",,"2",,,,"paved",,,,
2036411526,720554657,50.608914,1,"primary",,"2",,,,"paved",,,,
2036411524,2036411526,96.56233399999999,1,"primary",,"2",,,,"paved",,,,
720554725,2036411524,107.210162,1,"primary",,"2",,,,"paved",,,,
1143630673,720554725,63.603261,1,"primary",,"2",,,,"paved",,,,
1143630698,1143630673,74.250341,1,"primary",,"2",,,,"paved",,,,
1143630520,1143630698,64.711246,0,"primary",,"2",,,,"paved",,,,
1143721616,1143630520,88.773759,1,"primary",,"2",,,,"paved",,,,
1143630459,1143721616,100.188067,0,"primary",,"2",,,,"paved",,,,
720554694,1143630459,97.13117700000001,1,"primary",,"2",,,,"paved",,,,
1177472799,720554694,7.822107,0,"primary",,"2",,,,"paved",,,,
720554694,1143630577,96.57267900000001,0,"footway",,,,,,,,,"yes",
1143630577,1143721541,126.755628,0,"footway",,,,,,,,,"yes",
1143721541,1143630683,83.25892300000001,0,"footway",,,,,,,,,"yes",
1143630683,1143630515,63.868084999999994,0,"footway",,,,,,,,,"yes",
1143630515,1143630437,89.78488,0,"footway",,,,,,,,,"yes",
1143630437,720554595,77.506907,0,"footway",,,,,,,,,"yes",
1143630577,720554694,96.57267900000001,0,"footway",,,,,,,,,"yes",
1143721541,1143630577,126.755628,0,"footway",,,,,,,,,"yes",
1143630683,1143721541,83.25892300000001,0,"footway",,,,,,,,,"yes",
1143630515,1143630683,63.868084999999994,0,"footway",,,,,,,,,"yes",
1143630437,1143630515,89.78488,0,"footway",,,,,,,,,"yes",
720554595,1143630437,77.506907,0,"footway",,,,,,,,,"yes",
1143630611,1143630733,45.920308,0,"unclassified",,,,,,"paved",,,,
1143630733,1143630611,45.920308,0,"unclassified",,,,,,"paved",,,,
1143630733,1127749926,106.762302,0,"unclassified",,,,,,"paved",,,,
1127749926,1143630733,106.762302,0,"unclassified",,,,,,"paved",,,,
1143630553,1127749089,83.350892,0,"unclassified",,,,,,"paved",,,,
1143630495,1143630553,65.349449,0,"unclassified",,,,,,"paved",,,,
1127749148,1127750070,113.852213,0,"unclassified",,,,,,,,,,
1127750070,1127749148,113.852213,0,"unclassified",,,,,,,,,,
1127750070,1127749799,55.483982,0,"unclassified",,,,,,,,,,
1127749799,1127750070,55.483982,0,"unclassified",,,,,,,,,,
1127749799,2393584291,76.43670499999999,0,"unclassified",,,,,,,,,,
2393584291,1127749799,76.43670499999999,0,"unclassified",,,,,,,,,,
2393584291,1127750550,7.887359,1,"unclassified",,,,,,,,,,
1127750550,2393584291,7.887359,0,"unclassified",,,,,,,,,,
1127749793,1312613386,105.569136,0,"unclassified",,,,,,,,,,
1312613386,1127749793,105.569136,0,"unclassified",,,,,,,,,,
1312613386,1127750429,32.839038,0,"unclassified",,,,,,,,,,
1127750429,1312613386,32.839038,0,"unclassified",,,,,,,,,,
1127749051,1685221149,7.770361,1,"unclassified",,,,,,"paved",,,,
1685221149,2393584311,6.067928,0,"unclassified",,,,,,"paved",,,,
2393584311,1127750429,25.430436,0,"unclassified",,,,,,"paved",,,,
1127750429,2036495037,48.369638,0,"unclassified",,,,,,"paved",,,,
2036495037,1312613703,10.491035,0,"unclassified",,,,,,"paved",,,,
1312613703,1143630667,8.303795,0,"unclassified",,,,,,"paved",,,,
1143630667,2036495042,117.220896,0,"unclassified",,,,,,"paved",,,,
2036495042,1143630733,86.13733,0,"unclassified",,,,,,"paved",,,,
1143630733,1143630538,85.391358,0,"unclassified",,,,,,"paved",,,,
1143630538,1127749313,70.609297,0,"unclassified",,,,,,"paved",,,,
1685221149,1127749051,7.770361,1,"unclassified",,,,,,"paved",,,,
2393584311,1685221149,6.067928,1,"unclassified",,,,,,"paved",,,,
1127750429,2393584311,25.430436,0,"unclassified",,,,,,"paved",,,,
2036495037,1127750429,48.369638,0,"unclassified",,,,,,"paved",,,,
1312613703,2036495037,10.491035,0,"unclassified",,,,,,"paved",,,,
1143630667,1312613703,8.303795,0,"unclassified",,,,,,"paved",,,,
2036495042,1143630667,117.220896,0,"unclassified",,,,,,"paved",,,,
1143630733,2036495042,86.13733,0,"unclassified",,,,,,"paved",,,,
1143630538,1143630733,85.391358,0,"unclassified",,,,,,"paved",,,,
1143630495,1143630538,62.52175,0,"unclassified",,,,,,"paved",,,,
1127749313,1143630495,8.087547,0,"unclassified",,,,,,"paved",,,,
1127750550,1685221154,7.507364,1,"tertiary",,"2",,,,"paved",,,,
1685221154,2393584284,7.323602,0,"tertiary",,"2",,,,"paved",,,,
2393584284,1312613438,35.516969,0,"tertiary",,"2",,,,"paved",,,,
1312613438,1127749793,74.64559,0,"tertiary",,"2",,,,"paved",,,,
1127749793,1127749692,75.804717,0,"tertiary",,"2",,,,"paved",,,,
1127749692,2036495190,74.73602,0,"tertiary",,"2",,,,"paved",,,,
2036495190,1127749926,99.212521,0,"tertiary",,"2",,,,"paved",,,,
1127749926,1127750259,106.292794,0,"tertiary",,"2",,,,"paved",,,,
1127750259,1127749089,71.153227,0,"tertiary",,"2",,,,"paved",,,,
1127749089,1127749329,104.720891,0,"tertiary",,"2",,,,"paved",,,,
1127749329,1127749987,467.332993,0,"tertiary",,"2",,,,"paved",,,,
1685221154,1127750550,7.507364,1,"tertiary",,"2",,,,"paved",,,,
2393584284,1685221154,7.323602,1,"tertiary",,"2",,,,"paved",,,,
1312613438,2393584284,35.516969,0,"tertiary",,"2",,,,"paved",,,,
1127749793,1312613438,74.64559,0,"tertiary",,"2",,,,"paved",,,,
1127749692,1127749793,75.804717,0,"tertiary",,"2",,,,"paved",,,,
2036495190,1127749692,74.73602,0,"tertiary",,"2",,,,"paved",,,,
1127749926,2036495190,99.212521,0,"tertiary",,"2",,,,"paved",,,,
1127750259,1127749926,106.292794,0,"tertiary",,"2",,,,"paved",,,,
1127749986,1127750259,140.21565999999999,0,"tertiary",,"2",,,,"paved",,,,
1127749987,1127749986,502.991451,0,"tertiary",,"2",,,,"paved",,,,
1127749799,1127749922,292.157376,1,"tertiary",,"2",,,,"paved",,,,
1127749922,1127749799,292.157376,0,"tertiary",,"2",,,,"paved",,,,
1127749148,1127750254,243.059925,1,"unclassified",,,,,,"paved",,,,
2295464288,1127749148,3.243378,0,"unclassified",,,,,,"paved",,,,
1312613514,2295464288,64.972467,0,"unclassified",,,,,,"paved",,,,
1127749495,1312613514,57.471672,0,"unclassified",,,,,,"paved",,,,
1143630649,1143630677,92.264939,0,"unclassified",,,,,,,,,,
1179085773,1143630649,6.591545,0,"unclassified",,,,,,,,,,
1143630677,1143630649,92.264939,0,"unclassified",,,,,,,,,,
1143630649,1179085773,6.591545,0,"unclassified",,,,,,,,,,
1179085889,1143630629,2.689847,0,"unclassified",,,,,,,,,,
1143630629,1143630615,65.032233,0,"unclassified",,,,,,,,,,
1143630629,1179085889,2.689847,0,"unclassified",,,,,,,,,,
1143630615,1143630629,65.032233,0,"unclassified",,,,,,,,,,
1143721450,1143721762,45.394668,0,"footway",,,,,,,,,"yes",
1143721762,1143721450,45.394668,0,"footway",,,,,,,,,"yes",
1143721532,1143721446,104.425325,0,"footway",,,,,,,,,,
1143630552,1143630686,22.098004,0,"unclassified",,,,,,,,,,
1143630686,1143630552,22.098004,0,"unclassified",,,,,,,,,,
1143630491,1143630574,40.038032,0,"unclassified",,,,,,,,,,
1143630677,1143630622,86.660289,0,"unclassified",,,,,,,,,,
1143630574,1143630677,80.469628,0,"unclassified",,,,,,,,,,
1143630470,1143630574,56.443919,0,"unclassified",,,,,,,,,,
1143630470,2950247648,19.610711,0,"unclassified",,,,,,,,,,
1143630530,1143721762,94.13757000000001,0,"unclassified",,,,,,,,,,
260571013,1143630530,7.250783,0,"unclassified",,,,,,,,,,
1143630615,1143630686,130.664725,0,"unclassified",,,,,,,,,,
1143630686,1143630615,130.664725,0,"unclassified",,,,,,,,,,
1143630579,1143630532,25.955734,0,"unclassified",,,,,,,,,,
1143630532,1143630579,25.955734,0,"unclassified",,,,,,,,,,
720554739,1143630532,41.556542,0,"unclassified",,,,,,,,,,
1143630536,1143630731,36.773666,0,"unclassified",,,,,,,,,,
1143630731,1143630536,36.773666,0,"unclassified",,,,,,,,,,
1143630686,1143630532,29.876738,0,"unclassified",,,,,,,,,,
1143630532,1143630686,29.876738,0,"unclassified",,,,,,,,,,
1143630532,1143630731,57.817566,0,"unclassified",,,,,,,,,,
1143630731,1143630532,57.817566,0,"unclassified",,,,,,,,,,
1143630731,1143630511,49.502846,0,"unclassified",,,,,,,,,,
1143630511,1143630731,49.502846,0,"unclassified",,,,,,,,,,
1143630511,1143630470,55.26099,0,"unclassified",,,,,,,,,,
1143721762,1143630511,98.632272,0,"unclassified",,,,,,,,,,
1143721450,1143630511,55.98339,0,"unclassified",,,,,,,,,,
1143630511,1143630690,31.28966,0,"unclassified",,,,,,,,,,
1143630511,1143721450,55.98339,0,"unclassified",,,,,,,,,,
1143630690,1143630511,31.28966,0,"unclassified",,,,,,,,,,
1143630532,720554739,41.556542,0,"unclassified",,,,,,,,,,
1093626721,2235081807,7.632947,1,"unclassified",,"2",,,,,,,,
1116455533,1093626721,12.03548,1,"unclassified",,"2",,,,,,,,
1093626713,1116455533,76.187881,0,"unclassified",,"2",,,,,,,,
1116455540,1093626713,19.790334,0,"unclassified",,"2",,,,,,,,
1093626410,1116455540,13.275544,0,"unclassified",,"2",,,,,,,,
1093626773,1093626410,9.754647,1,"tertiary",,"2",,,,,,,,
1143721446,1093626773,95.949521,1,"tertiary",,"2",,,,,,,,
720554664,1143721446,36.776874,0,"tertiary",,"2",,,,,,,,
1179091491,720554664,1.718244,0,"tertiary",,"2",,,,,,,,
1093626410,1093626773,9.754647,1,"tertiary",,"2",,,,,,,,
1093626773,1143630622,36.404603,0,"tertiary",,"2",,,,,,,,
1143630622,1143721446,59.544918,0,"tertiary",,"2",,,,,,,,
1143721446,720554664,36.776874,0,"tertiary",,"2",,,,,,,,
720554664,1179091491,1.718244,0,"tertiary",,"2",,,,,,,,
1143630574,1143630491,40.038032,0,"unclassified",,,,,,,,,,
1143721446,1143721532,104.425325,0,"footway",,,,,,,,,,
1312613367,1312613599,83.487607,0,"unclassified",,,,,,,,,,
1312613599,1177424643,43.624976,0,"unclassified",,,,,,,,,,
1312613599,1312613367,83.487607,0,"unclassified",,,,,,,,,,
1177424643,1312613599,43.624976,0,"unclassified",,,,,,,,,,
1312613599,1312613430,63.761038,0,"unclassified",,,,,,,,,,
1177424641,1177182914,359.943423,0,"footway",,,,,,,,"yes",,
1177182914,1177424641,359.943423,0,"footway",,,,,,,,"yes",,
1312613434,3809762420,15.639886999999998,0,"unclassified",,,,,,"paved",,,,
3809762420,1685221150,5.036044,0,"unclassified",,,,,,"paved",,,,
1143630594,1143630461,96.668219,0,"unclassified",,,,,,"paved",,,,
1093685697,1093685736,8.347166,1,"primary",,,,,,"paved",,,,
2393573048,1093685697,9.957134,1,"primary",,,,,,"paved",,,,
2393573054,2393573048,222.06880199999998,0,"primary",,,,,,"paved",,,,
1685221130,2393573054,81.262074,1,"primary",,,,,,"paved",,,,
252052891,1685221130,16.927357,0,"primary",,,,,,"paved",,,,
253885516,252052891,12.260897,1,"primary",,,,,,"paved",,,,
2393584296,253885516,12.012013,1,"primary",,,,,,"paved",,,,
1177473762,2393584296,20.873959,0,"primary",,,,,,"paved",,,,
1177473760,1177473762,34.990584,0,"primary",,,,"yes",,"paved",,,,
1460821410,1177424731,294.08800699999995,0,"footway",,,,,,,,"yes",,
1177424731,1460821410,294.08800699999995,0,"footway",,,,,,,,"yes",,
720554676,720554562,25.170326,0,"primary",,"2",,"yes",,"paved",,,,
1177424731,2234986326,326.85045599999995,2,"primary",,"2",,,,"paved",,,,
1460821410,1177424731,203.187707,1,"primary",,"2",,,,"paved",,,,
3800364563,1460821410,34.694402,0,"primary",,"2",,,,"paved",,,,
253885516,3800364563,14.209232,0,"primary",,"2",,,,"paved",,,,
1685221269,253885516,8.493668,1,"primary",,"2",,,,"paved",,,,
2393584289,1685221269,13.058966,1,"primary",,"2",,,,"paved",,,,
720554562,2393584289,13.395564,0,"primary",,"2",,,,"paved",,,,
1942852644,1942852690,105.08899600000001,0,"unclassified",,,,,,,,,,
1942852663,1942852728,282.900757,0,"unclassified",,,,,,,,,,
1312601800,1942852728,41.622213,0,"unclassified",,,,,,,,,,
1942852728,1942852690,110.35865999999999,0,"unclassified",,,,,,,,,,
1942852690,2036411541,69.589529,0,"unclassified",,,,,,,,,,
1942852728,1312601800,41.622213,0,"unclassified",,,,,,,,,,
1942852690,1942852728,110.35865999999999,0,"unclassified",,,,,,,,,,
2036411541,1942852690,69.589529,0,"unclassified",,,,,,,,,,
1942852728,1211896574,322.473126,1,"unclassified",,,,,,,,,,
1942852690,1942852644,105.08899600000001,0,"unclassified",,,,,,,,,,
1942852676,1312602170,49.104935999999995,0,"unclassified",,,,,,,,,,
1312602170,1942852676,49.104935999999995,0,"unclassified",,,,,,,,,,
1312602170,1312602314,35.005323,0,"unclassified",,,,,,,,,,
2036411541,1312602170,37.059139,0,"unclassified",,,,,,,,,,
1942852673,1942852676,19.470521,0,"unclassified",,,,,,,,,,
1942852676,1942852680,23.066156,0,"unclassified",,,,,,,,,,
1942852676,1942852673,19.470521,0,"unclassified",,,,,,,,,,
1942852680,1942852676,23.066156,0,"unclassified",,,,,,,,,,
1211896574,1312602314,81.987225,0,"unclassified",,,,,,,,,,
2036411526,2036428864,151.592219,0,"unclassified",,,,,,"paved",,,,
2036428864,582055193,16.143212,0,"unclassified",,,,"yes",,,,,,
2038377650,2038377611,202.91155200000003,0,"unclassified",,,,,,,,,,
2038377611,2038377650,202.91155200000003,0,"unclassified",,,,,,,,,,
582049941,1180771658,418.103548,0,"unclassified",,,,,,,,,,
1180771658,1822539917,148.918367,0,"unclassified",,,,,,,,,,
1127750503,1143867070,318.62917000000004,0,"unclassified",,,,,,"paved",,,,
1143867070,1127750503,318.62917000000004,0,"unclassified",,,,,,"paved",,,,
3809762411,3166576516,575.3929280000001,0,"footway",,,"2",,,"paved",,"yes",,
3809762416,3800364355,108.10521800000001,0,"footway",,,,,,,,,,
3800364355,3800364563,15.076162,0,"footway",,,,,,,,,,
2393584291,3809732422,412.061766,0,"footway",,,,,,,,,,
1097906890,1097931935,66.896164,0,"tertiary",,,,,,"paved",,,,
1097931935,3809762390,275.413794,0,"tertiary",,,,,,"paved",,,,
3809762390,1097931942,8.961471,0,"tertiary",,,,,,"paved",,,,
1097931935,1097906890,66.896164,0,"tertiary",,,,,,"paved",,,,
3809762390,1097931935,275.413794,0,"tertiary",,,,,,"paved",,,,
1097931942,3809762390,8.961471,0,"tertiary",,,,,,"paved",,,,
1114945009,1114945019,6.039434,0,"footway",,,,,,,,,,
1114945003,1114945009,8.681344,1,"footway",,,,,,,,,,
1114945014,1114945003,7.576033,1,"footway",,,,,,,,,,
1114945019,1114945009,6.039434,1,"footway",,,,,,,,,,
1114945009,1114945003,8.681344,1,"footway",,,,,,,,,,
1114945003,1114945014,7.576033,0,"footway",,,,,,,,,,
1115329109,5894092161,164.76559500000002,0,"footway",,,,,,,,,,
5894092161,1115329109,164.76559500000002,0,"footway",,,,,,,,,,
2393584322,3800486842,23.925944,0,"footway",,,,,,,,,,
3800486842,2393584322,23.925944,0,"footway",,,,,,,,,,
3800486842,3800486893,81.022196,0,"footway",,,,,,,,,,
3800486893,3800486842,81.022196,0,"footway",,,,,,,,,,
3800486893,3800486905,224.99591900000001,0,"footway",,,,,,,,,,
3800486905,3800486893,224.99591900000001,0,"footway",,,,,,,,,,
3800486905,3800486920,9.181617,0,"footway",,,,,,,,,,
3800486920,3800486905,9.181617,0,"footway",,,,,,,,,,
3800486920,3809762412,32.848694,0,"footway",,,,,,,,,,
3809762412,3800486920,32.848694,0,"footway",,,,,,,,,,
1942852621,1942852617,8.48498,0,"unclassified",,,,,,,,,,
1942852617,1942852621,8.48498,0,"unclassified",,,,,,,,,,
1942852617,1942852610,59.427548,0,"unclassified",,,,,,,,,,
1942852610,1942852617,59.427548,0,"unclassified",,,,,,,,,,
1942852610,3809762412,83.52592399999999,0,"unclassified",,,,,,,,,,
3809762412,1942852600,4.598307,0,"unclassified",,,,,,,,,,
1942852601,1942852610,123.784109,0,"unclassified",,,,,,,,,,
3809762412,1942852610,83.52592399999999,0,"unclassified",,,,,,,,,,
1942852600,3809762412,4.598307,0,"unclassified",,,,,,,,,,
1942852610,1942852601,123.784109,0,"unclassified",,,,,,,,,,
1942852617,1942852623,21.651709,0,"unclassified",,,,,,,,,,
1942852623,1942852617,21.651709,0,"unclassified",,,,,,,,,,
3800364563,3800364610,13.089901,0,"footway",,,,,,,,,,
3800364610,3800486837,19.580725,0,"footway",,,,,,,,,,
2393584318,3800364354,4.905895,0,"footway",,,,,,,,,,
3166576546,3166576536,475.63956400000006,0,"footway",,,"2",,,"paved",,"yes",,
3166576536,3166576534,8.447,0,"footway",,,"2",,,"paved",,"yes",,
3809762402,2393573033,4.189069,0,"footway",,,,,,,,,,
2393573033,2393573025,9.5822,0,"footway",,,,,,,,,,
2393573025,3809762404,5.291253,0,"footway",,,,,,,,,,
2393573033,3809762402,4.189069,0,"footway",,,,,,,,,,
2393573025,2393573033,9.5822,0,"footway",,,,,,,,,,
3809762404,2393573025,5.291253,0,"footway",,,,,,,,,,
253716303,4622812846,29.808957,0,"primary",,"2",,,,"paved",,,,
1093725480,253716303,90.92275399999998,0,"primary",,"2",,,,"paved",,,,
1093626336,1093725480,424.265569,3,"primary",,"2",,,,"paved",,,,
1093725480,1177424610,24.781954,0,"footway",,,,,,,,"yes",,
1177424610,1093725480,24.781954,1,"footway",,,,,,,,"yes",,
1093469891,1093725313,132.167914,0,"unclassified",,,,,,,,,,
1093725313,1093469891,132.167914,0,"unclassified",,,,,,,,,,
1093725313,1093725297,5.675879,0,"unclassified",,,,,,,,,,
1093725297,1093725313,5.675879,0,"unclassified",,,,,,,,,,
1093725297,1093725418,70.164419,0,"unclassified",,,,,,,,,,
1093725418,1093725297,70.164419,0,"unclassified",,,,,,,,,,
1177424613,1093725418,46.147204,0,"unclassified",,,,,,,,,,
1093725418,1093725410,106.46799200000001,0,"unclassified",,,,,,"paved",,,,
1093469840,1093725438,247.57797899999997,0,"unclassified",,,,,,,,,,
1093725438,1093469840,247.57797899999997,0,"unclassified",,,,,,,,,,
1093725418,1093725222,64.963012,0,"unclassified",,,,,,,,,,
1093725222,1093725418,64.963012,0,"unclassified",,,,,,,,,,
1093725222,1093725438,10.916484,0,"unclassified",,,,,,,,,,
1093725438,1093725274,151.66407,0,"unclassified",,,,,,,,,,
1093725297,1093725222,41.51121,0,"unclassified",,,,,,,,,,
1093725438,1093725222,10.916484,0,"unclassified",,,,,,,,,,
1093725274,1093725438,151.66407,0,"unclassified",,,,,,,,,,
1093725222,1093725297,41.51121,0,"unclassified",,,,,,,,,,
1093725418,1177424613,46.147204,0,"unclassified",,,,,,,,,,
1093469973,1093725313,130.66818899999998,0,"unclassified",,,,,,,,,,
1093725313,1093626362,85.71219500000001,0,"unclassified",,,,,,,,,,
1093725313,1093469973,130.66818899999998,0,"unclassified",,,,,,,,,,
1093626362,1093725313,85.71219500000001,0,"unclassified",,,,,,,,,,
253716303,1093626362,103.624431,0,"unclassified",,,,,,"paved",,,,
1093469771,1093771076,83.902818,0,"unclassified",,,,,,,,,,
1093771076,1093725318,339.269067,0,"unclassified",,,,,,,,,,
5109258781,4666465564,60.038946,0,"footway",,,,,,,,,,
4666465564,4666465565,24.442332,0,"footway",,,,,,,,,,
4666465565,4666465545,10.439443,0,"footway",,,,,,,,,,
4666465545,4666465533,185.535334,0,"footway",,,,,,,,,,
5109258781,4666465554,50.41691300000001,0,"footway",,,,,,,,,,
4666465623,4666465616,56.026343000000004,0,"footway",,,,,,,,,,
2348718846,2348718850,89.16351499999999,0,"footway",,,,,,,,,,
2348718850,2348718846,89.16351499999999,0,"footway",,,,,,,,,,
5091968400,5091968420,40.497384999999994,0,"footway",,,,,,,,,,
5091968420,5091984492,9.515483,0,"footway",,,,,,,,,,
5091984492,5091969121,10.984356,0,"footway",,,,,,,,,,
5091969121,5091968396,79.966434,0,"footway",,,,,,,,,,
5091968396,5091969129,108.006247,0,"footway",,,,,,,,,,
5091969129,5091968414,94.950394,0,"footway",,,,,,,,,,
5091968414,5091968417,74.206891,0,"footway",,,,,,,,,,
4624468271,4666465637,106.342928,0,"footway",,,,,,,,,,
5109258787,4666465280,59.646921999999996,0,"footway",,,,,,,,,,
4666465280,4666465279,15.662388,0,"footway",,,,"yes",,,,,,
4666465506,4666465269,35.871223,0,"footway",,,,,,,,,,
1160435107,832285656,341.584159,0,"unclassified",,,,,,,,,,